{
 "type": "FeatureCollection",
 "features": [
  {
   "type": "Feature",
   "geometry": {
    "type": "Point",
    "coordinates": [
     -123.1251,
     49.280113
    ]
   },
   "properties": {
    "id": "ChIJJzFAF9VzhlQRENeLwMlDVl8",
    "name": "Gyu-Kaku Japanese BBQ",
    "address": "888 Nelson St g3, Vancouver, BC V6Z 2H1, Canada",
    "price": 8.0,
    "dish": "Fried Calamari",
    "items": [
     {
      "dish_name": "Fried Calamari",
      "price": 8.0,
      "portion_note": "Served with yuzu basil aioli",
      "is_happy_hour": false
     }
    ],
    "confidence": "medium",
    "price_source": "menu",
    "source_url": "https://www.gyu-kaku.com/wp-content/uploads/2025/08/sp-can_w_grandmenu2508.pdf",
    "website": "https://www.gyu-kaku.com/vancouver/",
    "google_maps_url": "https://maps.google.com/?cid=6869752815398147856&g_mp=Cidnb29nbGUubWFwcy5wbGFjZXMudjEuUGxhY2VzLlNlYXJjaFRleHQQAhgEIAA",
    "price_level": 2,
    "rating": 4.5,
    "notes": "Menu text is out of order, so the $8.00 price was matched to Fried Calamari by its position: the 'Served with yuzu basil aioli' description is followed by '8.00 330 Cal' and no HH price. Fried Calamari is also included in a BBQ course (Yakiniku Party/Meat Variety) with no separate price.",
    "last_checked": "2026-10-03"
   }
  },
  {
   "type": "Feature",
   "geometry": {
    "type": "Point",
    "coordinates": [
     -123.024129,
     49.244921
    ]
   },
   "properties": {
    "id": "ChIJVebs7Ol2hlQRE3sctg4B1o4",
    "name": "Kimu Japanese Cuisine",
    "address": "4441 Boundary Rd, Vancouver, BC V5R 2N3, Canada",
    "price": 8.5,
    "dish": "Ika Fry",
    "items": [
     {
      "dish_name": "Ika Fry",
      "price": 8.5,
      "portion_note": "deep fried crunch Japanese panko breaded cuttlefish (squid) with creamy sauce",
      "is_happy_hour": false
     },
     {
      "dish_name": "Ika Sugatayaki",
      "price": 11.95,
      "portion_note": "BBQ squid",
      "is_happy_hour": false
     }
    ],
    "confidence": "medium",
    "price_source": "menu",
    "source_url": "https://ef19a3b5-c554-47eb-a9ea-fbcb80f94fe4.filesusr.com/ugd/40c255_b160a3b7b0ad4599990824682a1a07b2.pdf",
    "website": "http://kimujapanesecuisine.com/",
    "google_maps_url": "https://maps.google.com/?cid=10292415161098337043&g_mp=Cidnb29nbGUubWFwcy5wbGFjZXMudjEuUGxhY2VzLlNlYXJjaFRleHQQAhgEIAA",
    "price_level": 2,
    "rating": 4.2,
    "notes": "No dish is labelled calamari. Ika Fry (panko-breaded fried cuttlefish/squid) is the closest to a standard fried calamari appetizer, so it is used as the benchmark. Ika Sugatayaki is grilled BBQ squid. Ika nigiri and sashimi were excluded as sushi items. The menu notes that prices are subject to change without notice.",
    "last_checked": "2026-10-03"
   }
  },
  {
   "type": "Feature",
   "geometry": {
    "type": "Point",
    "coordinates": [
     -123.119242,
     49.2631
    ]
   },
   "properties": {
    "id": "ChIJ5ZeyzqZzhlQRon_4EzpH1t8",
    "name": "River Sushi",
    "address": "678 W Broadway, Vancouver, BC V5Z 0B4, Canada",
    "price": 8.95,
    "dish": "Ika Karaage",
    "items": [
     {
      "dish_name": "Ika Karaage",
      "price": 8.95,
      "portion_note": "Squid",
      "is_happy_hour": false
     },
     {
      "dish_name": "Ikayaki",
      "price": 11.95,
      "portion_note": "BBQ whole squid",
      "is_happy_hour": false
     }
    ],
    "confidence": "medium",
    "price_source": "menu",
    "source_url": "https://order.riversushibc.com/menu",
    "website": "https://www.riversushibc.com/",
    "google_maps_url": "https://maps.google.com/?cid=16129157430242738082&g_mp=Cidnb29nbGUubWFwcy5wbGFjZXMudjEuUGxhY2VzLlNlYXJjaFRleHQQAhgEIAA",
    "price_level": 1,
    "rating": 4.2,
    "notes": "Japanese restaurant with no dish labelled calamari. Ika Karaage (fried squid) is used as the standard fried squid appetizer, and Ikayaki (BBQ whole squid) is also listed. The scraped menu text is truncated in the sashimi section, so other squid dishes (e.g. sushi or sashimi) may be missing.",
    "last_checked": "2026-10-03"
   }
  },
  {
   "type": "Feature",
   "geometry": {
    "type": "Point",
    "coordinates": [
     -123.035304,
     49.233456
    ]
   },
   "properties": {
    "id": "ChIJofQPT5B2hlQRCkETMYq8GpE",
    "name": "Kung Fu Noodle – Kingsway",
    "address": "5615 Harold St, Vancouver, BC V5R 5K7, Canada",
    "price": 8.95,
    "dish": "Fried Squids",
    "items": [
     {
      "dish_name": "Fried Squids",
      "price": 8.95,
      "portion_note": "side dish",
      "is_happy_hour": false
     }
    ],
    "confidence": "high",
    "price_source": "menu",
    "source_url": "https://www.zomi.menu/shop/kungfunoodlekingswayjoyce/pick-up/menu",
    "website": "https://kungfunoodlekingswayjoyce.zomi.menu/",
    "google_maps_url": "https://maps.google.com/?cid=10455876786608881930&g_mp=Cidnb29nbGUubWFwcy5wbGFjZXMudjEuUGxhY2VzLlNlYXJjaFRleHQQAhgEIAA",
    "price_level": 1,
    "rating": 4.3,
    "notes": "Fried Squids is listed under Side Dish. It is also part of a combo (Beef Chow Mein + Fried Squids, $23.95), which is not counted as a separate item. The menu is a pick-up ordering page and may differ from the dine-in menu.",
    "last_checked": "2026-10-03"
   }
  },
  {
   "type": "Feature",
   "geometry": {
    "type": "Point",
    "coordinates": [
     -123.100773,
     49.260848
    ]
   },
   "properties": {
    "id": "ChIJY8q2LuJzhlQRoADKGGvapQY",
    "name": "Mali Thai Restaurant",
    "address": "2710 Main St, Vancouver, BC V5T 3E8, Canada",
    "price": 9.0,
    "dish": "A8. Calamari",
    "items": [
     {
      "dish_name": "A8. Calamari",
      "price": 9.0,
      "portion_note": "6 pcs",
      "is_happy_hour": false
     },
     {
      "dish_name": "A8. Calamari",
      "price": 15.95,
      "portion_note": "10 pcs",
      "is_happy_hour": false
     }
    ],
    "confidence": "high",
    "price_source": "menu",
    "source_url": "https://www.malithairestaurant.com/menu",
    "website": "http://www.malithairestaurant.com/",
    "google_maps_url": "https://maps.google.com/?cid=479029088897073312&g_mp=Cidnb29nbGUubWFwcy5wbGFjZXMudjEuUGxhY2VzLlNlYXJjaFRleHQQAhgEIAA",
    "price_level": 2,
    "rating": 3.6,
    "notes": "Deep-fried squid served with plum sauce. Benchmark uses the smallest size (6 pcs). Seafood soup and salad containing squid among other ingredients were excluded.",
    "last_checked": "2026-10-03"
   }
  },
  {
   "type": "Feature",
   "geometry": {
    "type": "Point",
    "coordinates": [
     -123.098688,
     49.262967
    ]
   },
   "properties": {
    "id": "ChIJdaZxWV9xhlQR141jd0ChrLE",
    "name": "Hime Sushi",
    "address": "315 E Broadway, Vancouver, BC V5T 1W5, Canada",
    "price": 9.25,
    "dish": "Ika Karaage (squid)",
    "items": [
     {
      "dish_name": "Ika Karaage (squid)",
      "price": 9.25,
      "portion_note": "appetizer",
      "is_happy_hour": false
     },
     {
      "dish_name": "Ikayaki (BBQ whole squid)",
      "price": 12.5,
      "portion_note": "appetizer",
      "is_happy_hour": false
     }
    ],
    "confidence": "medium",
    "price_source": "menu",
    "source_url": "https://himesushi.com/assets/files/hime-sushi-takeout-menu-202609_0.pdf",
    "website": "https://himesushi.com/",
    "google_maps_url": "https://maps.google.com/?cid=12802785138960469463&g_mp=Cidnb29nbGUubWFwcy5wbGFjZXMudjEuUGxhY2VzLlNlYXJjaFRleHQQAhgEIAA",
    "price_level": 1,
    "rating": 4.2,
    "notes": "Takeout menu PDF; text is partially fragmented at the start (the end is cut off), but the appetizer section is complete. Ika nigiri and ika in sashimi combos were excluded as not squid-main dishes. Benchmark is the fried squid (Ika Karaage), the most standard fried squid appetizer.",
    "last_checked": "2026-10-03"
   }
  },
  {
   "type": "Feature",
   "geometry": {
    "type": "Point",
    "coordinates": [
     -123.10079,
     49.248299
    ]
   },
   "properties": {
    "id": "ChIJGTd4Z_dzhlQRSbJInD5Z0zI",
    "name": "Cambie Vietnamese Restaurant",
    "address": "4136 Main St, Vancouver, BC V5V 3P7, Canada",
    "price": 9.5,
    "dish": "Calamari Julienne - Mực Chiên",
    "items": [
     {
      "dish_name": "Calamari Julienne - Mực Chiên",
      "price": 9.5,
      "portion_note": "Deep fried breaded julienne of squid",
      "is_happy_hour": false
     }
    ],
    "confidence": "high",
    "price_source": "menu",
    "source_url": "https://www.cambievietnameserestaurant.com/menus-2",
    "website": "https://www.cambievietnameserestaurant.com/",
    "google_maps_url": "https://maps.google.com/?cid=3662369047427199561&g_mp=Cidnb29nbGUubWFwcy5wbGFjZXMudjEuUGxhY2VzLlNlYXJjaFRleHQQAhgEIAA",
    "price_level": 1,
    "rating": 4.6,
    "notes": "Only the appetizer page was visible; the entrée menus were not included, so other squid dishes may exist. The scraped text was cut off at the end, but the calamari price was clearly printed.",
    "last_checked": "2026-10-03"
   }
  },
  {
   "type": "Feature",
   "geometry": {
    "type": "Point",
    "coordinates": [
     -123.184973,
     49.248309
    ]
   },
   "properties": {
    "id": "ChIJIUDCVBBzhlQRHVIhkOO6TWQ",
    "name": "Kirala Sushi",
    "address": "4288 Dunbar St, Vancouver, BC V6S 2E9, Canada",
    "price": 9.95,
    "dish": "Calamari (deep fried squid)",
    "items": [
     {
      "dish_name": "Calamari (deep fried squid)",
      "price": 9.95,
      "portion_note": null,
      "is_happy_hour": false
     }
    ],
    "confidence": "high",
    "price_source": "menu",
    "source_url": "https://sunsenfoods.ca/en/category/restaurants/kirala-sushi",
    "website": "https://sunsenfoods.ca/en/category/restaurants/kirala-sushi",
    "google_maps_url": "https://maps.google.com/?cid=7227638463537959453&g_mp=Cidnb29nbGUubWFwcy5wbGFjZXMudjEuUGxhY2VzLlNlYXJjaFRleHQQAhgEIAA",
    "price_level": 1,
    "rating": 4.1,
    "notes": "Item 021 Calamari, deep fried squid, $9.95. Ika Yaki (grilled whole squid) is listed but out of stock with no price, so it was excluded. Volcano Roll contains calamari but it is not a squid-main dish, so it was excluded. Menu text was partially truncated, but the appetizer section is complete.",
    "last_checked": "2026-10-03"
   }
  },
  {
   "type": "Feature",
   "geometry": {
    "type": "Point",
    "coordinates": [
     -123.03455,
     49.233655
    ]
   },
   "properties": {
    "id": "ChIJT2Hsr5F2hlQRKWP3EmYXnt4",
    "name": "Sushi Aji",
    "address": "3339 Kingsway, Vancouver, BC V5R 6G8, Canada",
    "price": 9.95,
    "dish": "Ika Karaage",
    "items": [
     {
      "dish_name": "Ikayaki (Grilled Squid)",
      "price": 14.5,
      "portion_note": null,
      "is_happy_hour": false
     },
     {
      "dish_name": "Ika Karaage",
      "price": 9.95,
      "portion_note": "Appetizer; ika is Japanese for squid, so this is likely fried squid",
      "is_happy_hour": false
     }
    ],
    "confidence": "medium",
    "price_source": "menu",
    "source_url": "https://www.sushiajibc.com/images/menu.jpg",
    "website": "http://www.sushiajibc.com/",
    "google_maps_url": "https://maps.google.com/?cid=16041284649912591145&g_mp=Cidnb29nbGUubWFwcy5wbGFjZXMudjEuUGxhY2VzLlNlYXJjaFRleHQQAhgEIAA",
    "price_level": 2,
    "rating": 4.2,
    "notes": "No dish is called calamari. Ika Karaage (B08, $9.95) is Japanese-style fried squid and is used as the benchmark because it is the standard fried appetizer. Ikayaki (grilled squid, B16, $14.50) is also listed. The menu says prices are subject to change without notice, and it may be outdated. Sashimi items such as Ika (J14) and Tako (octopus) are excluded.",
    "last_checked": "2026-10-03"
   }
  },
  {
   "type": "Feature",
   "geometry": {
    "type": "Point",
    "coordinates": [
     -123.065697,
     49.237997
    ]
   },
   "properties": {
    "id": "ChIJAULAgh90hlQR92R-6eH4tdc",
    "name": "Happy Sushi",
    "address": "5137 Victoria Dr, Vancouver, BC V5P 3V1, Canada",
    "price": 9.98,
    "dish": "Ika Keraage (Squid)",
    "items": [
     {
      "dish_name": "Ika Keraage (Squid)",
      "price": 9.98,
      "portion_note": null,
      "is_happy_hour": false
     },
     {
      "dish_name": "Ika Yaki",
      "price": 15.98,
      "portion_note": "grilled squid, listed under appetizers",
      "is_happy_hour": false
     }
    ],
    "confidence": "medium",
    "price_source": "menu",
    "source_url": "https://www.zomi.menu/shop/happysushi/pick-up/menu",
    "website": "https://happysushi.zomi.menu/",
    "google_maps_url": "https://maps.google.com/?cid=15543603338107839735&g_mp=Cidnb29nbGUubWFwcy5wbGFjZXMudjEuUGxhY2VzLlNlYXJjaFRleHQQAhgEIAA",
    "price_level": 2,
    "rating": 4,
    "notes": "Ika Keraage (fried squid) used as the standard fried appetizer. Ika Yaki is assumed to be grilled squid based on its name, with no description on the menu. The scraped menu was cut off at the end and the prices are in-store prices from an online ordering platform, so they may be outdated.",
    "last_checked": "2026-10-03"
   }
  },
  {
   "type": "Feature",
   "geometry": {
    "type": "Point",
    "coordinates": [
     -123.140745,
     49.21079
    ]
   },
   "properties": {
    "id": "ChIJPU-fOIB1hlQRV_v7JVCgjK8",
    "name": "Talay Thai Restaurant",
    "address": "8369 Granville St, Vancouver, BC V6P 4Z8, Canada",
    "price": 10.0,
    "dish": "6.Deep Fried Calamari",
    "items": [
     {
      "dish_name": "6.Deep Fried Calamari",
      "price": 10.0,
      "portion_note": "lightly battered deep-fried squid with homemade plum sauce",
      "is_happy_hour": false
     }
    ],
    "confidence": "high",
    "price_source": "menu",
    "source_url": "https://www.zomi.menu/shop/talaythairestaurant/pick-up/menu",
    "website": "https://zomi.menu/pick-up?shop=11515&utm=&table=",
    "google_maps_url": "https://maps.google.com/?cid=12649661719471979351&g_mp=Cidnb29nbGUubWFwcy5wbGFjZXMudjEuUGxhY2VzLlNlYXJjaFRleHQQAhgEIAA",
    "price_level": 2,
    "rating": 4.7,
    "notes": "Price taken from the online pick-up menu; dine-in prices may differ.",
    "last_checked": "2026-10-03"
   }
  },
  {
   "type": "Feature",
   "geometry": {
    "type": "Point",
    "coordinates": [
     -123.140194,
     49.211636
    ]
   },
   "properties": {
    "id": "ChIJL8TunZN0hlQRvuJ8dwgvnD0",
    "name": "Pho Ever",
    "address": "8178 Granville St, Vancouver, BC V6P 4Z4, Canada",
    "price": 10.5,
    "dish": "3B. Calamari",
    "items": [
     {
      "dish_name": "3B. Calamari",
      "price": 10.5,
      "portion_note": null,
      "is_happy_hour": false
     }
    ],
    "confidence": "medium",
    "price_source": "menu",
    "source_url": "https://www.zomi.menu/shop/phoever/pick-up/menu",
    "website": "https://phoever.zomi.menu/",
    "google_maps_url": "https://maps.google.com/?cid=4439475046091383486&g_mp=Cidnb29nbGUubWFwcy5wbGFjZXMudjEuUGxhY2VzLlNlYXJjaFRleHQQAhgEIAA",
    "price_level": 1,
    "rating": 4.2,
    "notes": "Menu text is a partial scrape (cut off mid-combos, and the 3B Calamari item appears among the vegetarian-section items). Only one calamari dish found, with no description of preparation or portion size.",
    "last_checked": "2026-10-03"
   }
  },
  {
   "type": "Feature",
   "geometry": {
    "type": "Point",
    "coordinates": [
     -123.069469,
     49.268103
    ]
   },
   "properties": {
    "id": "ChIJ02jEpUdxhlQRBdBg2ie8OH4",
    "name": "Kojima Sushi",
    "address": "1836 Commercial Dr, Vancouver, BC V5N 4A5, Canada",
    "price": 10.95,
    "dish": "Ika Karaage (Deep Fried Squid)",
    "items": [
     {
      "dish_name": "Ika Karaage (Deep Fried Squid)",
      "price": 10.95,
      "portion_note": "appetizer",
      "is_happy_hour": false
     },
     {
      "dish_name": "BBQ Ika (Squid)",
      "price": 14.5,
      "portion_note": "BBQ main/side",
      "is_happy_hour": false
     }
    ],
    "confidence": "high",
    "price_source": "menu",
    "source_url": "https://www.zomi.menu/shop/kojimasushi/pick-up/menu",
    "website": "https://kojimasushi.zomi.menu/",
    "google_maps_url": "https://maps.google.com/?cid=9095226326828240901&g_mp=Cidnb29nbGUubWFwcy5wbGFjZXMudjEuUGxhY2VzLlNlYXJjaFRleHQQAhgEIAA",
    "price_level": 2,
    "rating": 4.1,
    "notes": "Squid dishes are Japanese-style: Ika Karaage (deep fried squid appetizer) used as the benchmark, plus BBQ Ika. Nigiri ika (3.50 per piece) excluded. Menu text was partially truncated in the sushi sections, but the appetizer and BBQ sections appear complete.",
    "last_checked": "2026-10-03"
   }
  },
  {
   "type": "Feature",
   "geometry": {
    "type": "Point",
    "coordinates": [
     -123.116951,
     49.284819
    ]
   },
   "properties": {
    "id": "ChIJ1-V8VYFxhlQRNmBzHpjMkXE",
    "name": "Joyeaux Café & Restaurant",
    "address": "551 Howe St, Vancouver, BC V6C 2C2, Canada",
    "price": 10.95,
    "dish": "Calamari Plate",
    "items": [
     {
      "dish_name": "Calamari Plate",
      "price": 10.95,
      "portion_note": "3 per order",
      "is_happy_hour": false
     }
    ],
    "confidence": "medium",
    "price_source": "menu",
    "source_url": "http://www.joyeaux-cafe-restaurant.com/pb/wp_20a56914/wp_20a56914.html",
    "website": "http://www.joyeaux-cafe-restaurant.com/",
    "google_maps_url": "https://maps.google.com/?cid=8183546951626874934&g_mp=Cidnb29nbGUubWFwcy5wbGFjZXMudjEuUGxhY2VzLlNlYXJjaFRleHQQAhgEIAA",
    "price_level": 1,
    "rating": 4.1,
    "notes": "Menu text is scraped and line breaks split the Calamari entry, but the price $10.95 appears to belong to it. The page copyright is 2008, so prices may be outdated. The assorted deep fried platter ($21.95) includes squid as an option but was excluded because it is a mixed dish.",
    "last_checked": "2026-10-03"
   }
  },
  {
   "type": "Feature",
   "geometry": {
    "type": "Point",
    "coordinates": [
     -123.168033,
     49.250653
    ]
   },
   "properties": {
    "id": "ChIJEVfgNHZzhlQRIPiQwd24umw",
    "name": "HOMI SUSHI",
    "address": "4025 Macdonald St, Vancouver, BC V6L 2N8, Canada",
    "price": 10.95,
    "dish": "Ika Karaage",
    "items": [
     {
      "dish_name": "Ika Karaage",
      "price": 10.95,
      "portion_note": "deep fried squid appetizer",
      "is_happy_hour": false
     },
     {
      "dish_name": "Ika Sugatayaki",
      "price": 17.95,
      "portion_note": "BBQ whole squid (robata)",
      "is_happy_hour": false
     },
     {
      "dish_name": "Calamari Salad",
      "price": 15.95,
      "portion_note": "salad",
      "is_happy_hour": false
     }
    ],
    "confidence": "medium",
    "price_source": "menu",
    "source_url": "https://www.homisushi.ca/menu",
    "website": "http://www.homisushi.ca/",
    "google_maps_url": "https://maps.google.com/?cid=7834777764339185696&g_mp=Cidnb29nbGUubWFwcy5wbGFjZXMudjEuUGxhY2VzLlNlYXJjaFRleHQQAhgEIAA",
    "price_level": 2,
    "rating": 4.6,
    "notes": "Japanese restaurant; benchmark is Ika Karaage (deep fried squid) appetizer. Ika sashimi and ika nigiri excluded as raw sushi items. Menu text was partially truncated mid-page, so it may be incomplete.",
    "last_checked": "2026-10-03"
   }
  },
  {
   "type": "Feature",
   "geometry": {
    "type": "Point",
    "coordinates": [
     -123.125721,
     49.248437
    ]
   },
   "properties": {
    "id": "ChIJw_vfWJJzhlQR445pra31zWE",
    "name": "Osaka Sushi",
    "address": "960 W King Edward Ave, Vancouver, BC V5Z 2E2, Canada",
    "price": 10.95,
    "dish": "Ika Karaage (Deep Fried Squid)",
    "items": [
     {
      "dish_name": "Ika Karaage (Deep Fried Squid)",
      "price": 10.95,
      "portion_note": null,
      "is_happy_hour": false
     }
    ],
    "confidence": "high",
    "price_source": "menu",
    "source_url": "https://www.zomi.menu/shop/osakasushi/pick-up/menu",
    "website": "http://osakasushi.zomi.menu/",
    "google_maps_url": "https://maps.google.com/?cid=7047559118192217827&g_mp=Cidnb29nbGUubWFwcy5wbGFjZXMudjEuUGxhY2VzLlNlYXJjaFRleHQQAhgEIAA",
    "price_level": 2,
    "rating": 3.8,
    "notes": "Squid appears as Ika Karaage in the Appetizer section. The scraped menu text is cut off at the end (in the curry section), but the appetizer section is complete. Tako (octopus) dishes were excluded.",
    "last_checked": "2026-10-03"
   }
  },
  {
   "type": "Feature",
   "geometry": {
    "type": "Point",
    "coordinates": [
     -123.098645,
     49.262967
    ]
   },
   "properties": {
    "id": "ChIJS4OuFN5xhlQRDjKjnzsRfaY",
    "name": "Song (by Kin Kao)",
    "address": "317 E Broadway, Vancouver, BC V5T 1W5, Canada",
    "price": 11.0,
    "dish": "Calamari",
    "items": [
     {
      "dish_name": "Calamari",
      "price": 11.0,
      "portion_note": "Snacks; deep fried squid, pickled banana pepper, Tom Yum mayo",
      "is_happy_hour": false
     }
    ],
    "confidence": "high",
    "price_source": "menu",
    "source_url": "https://www.songyvr.com/menu",
    "website": "http://www.songyvr.com/",
    "google_maps_url": "https://maps.google.com/?cid=11996763930163884558&g_mp=Cidnb29nbGUubWFwcy5wbGFjZXMudjEuUGxhY2VzLlNlYXJjaFRleHQQAhgEIAA",
    "price_level": 4,
    "rating": 4.4,
    "notes": "Prices listed do not include taxes. Menu text has duplicated price entries from scraping, but the Calamari price of $11 is clearly associated with the dish.",
    "last_checked": "2026-10-03"
   }
  },
  {
   "type": "Feature",
   "geometry": {
    "type": "Point",
    "coordinates": [
     -123.122888,
     49.279609
    ]
   },
   "properties": {
    "id": "ChIJczYGnNVzhlQRTtmLygm3sGk",
    "name": "El Furniture Warehouse Granville",
    "address": "989 Granville St, Vancouver, BC V6Z 1L3, Canada",
    "price": 11.45,
    "dish": "Crispy Calamari",
    "items": [
     {
      "dish_name": "Crispy Calamari",
      "price": 11.45,
      "portion_note": "1/2 lb, with lemon, parsley, green goddess dip & jalapeño ranch",
      "is_happy_hour": false
     },
     {
      "dish_name": "Crispy Calamari",
      "price": 6.95,
      "portion_note": "happy hour 3-5pm Tue-Sun; all food items normally under $12 are $6.95 (calamari not explicitly listed)",
      "is_happy_hour": true
     }
    ],
    "confidence": "high",
    "price_source": "menu",
    "source_url": "https://warehousegroup.ca/menu/el-furniture-warehouse-granville/",
    "website": "http://www.warehousegroup.ca/el-furniture-warehouse-granville",
    "google_maps_url": "https://maps.google.com/?cid=7615788222564260174&g_mp=Cidnb29nbGUubWFwcy5wbGFjZXMudjEuUGxhY2VzLlNlYXJjaFRleHQQAhgEIAA",
    "price_level": 1,
    "rating": 4.1,
    "notes": "Price taken from the Granville location menu page. The menu text was truncated after Handhelds, but the Starters section was complete. The happy hour price is inferred from the FAQ statement that all food items normally under $12 are $6.95, so Crispy Calamari is likely included but is not named. Menu pages for the Calgary, Edmonton and Seattle locations were ignored.",
    "last_checked": "2026-10-03"
   }
  },
  {
   "type": "Feature",
   "geometry": {
    "type": "Point",
    "coordinates": [
     -123.069943,
     49.270811
    ]
   },
   "properties": {
    "id": "ChIJiYhDVkdxhlQRyJTccHW0vpg",
    "name": "The Dime",
    "address": "1565 Commercial Dr, Vancouver, BC V5L 3Y2, Canada",
    "price": 11.45,
    "dish": "Crispy Calamari",
    "items": [
     {
      "dish_name": "Crispy Calamari",
      "price": 11.45,
      "portion_note": "1/2 lb; from El Furniture Warehouse Granville (Vancouver) menu",
      "is_happy_hour": false
     }
    ],
    "confidence": "low",
    "price_source": "menu",
    "source_url": "https://warehousegroup.ca/menu/el-furniture-warehouse-granville/",
    "website": "https://warehousegroup.ca/location/the-dime-commercial/",
    "google_maps_url": "https://maps.google.com/?cid=11006432955837748424&g_mp=Cidnb29nbGUubWFwcy5wbGFjZXMudjEuUGxhY2VzLlNlYXJjaFRleHQQAhgEIAA",
    "price_level": 2,
    "rating": 4.1,
    "notes": "None of the supplied menus are for The Dime (Commercial Dr). They are El Furniture Warehouse menus (Calgary, Edmonton, Granville). The Granville location is a sister Warehouse Group restaurant in Vancouver, and the price may differ from The Dime's. Verify against The Dime's own menu before use.",
    "last_checked": "2026-10-03"
   }
  },
  {
   "type": "Feature",
   "geometry": {
    "type": "Point",
    "coordinates": [
     -123.151756,
     49.268287
    ]
   },
   "properties": {
    "id": "ChIJY4V3IzFzhlQRsyvweUEtwvk",
    "name": "Sushi Nova Vancouver",
    "address": "2059 W 4th Ave, Vancouver, BC V6J 1N3, Canada",
    "price": 11.5,
    "dish": "Calamari",
    "items": [
     {
      "dish_name": "Calamari",
      "price": 11.5,
      "portion_note": "Crispy deep fried squid with salad",
      "is_happy_hour": false
     }
    ],
    "confidence": "high",
    "price_source": "menu",
    "source_url": "https://sushinova.ca/en/menu_18-appetizer.php",
    "website": "http://sushinova.ca/en/index.php",
    "google_maps_url": "https://maps.google.com/?cid=17996996820167830451&g_mp=Cidnb29nbGUubWFwcy5wbGFjZXMudjEuUGxhY2VzLlNlYXJjaFRleHQQAhgEIAA",
    "price_level": 2,
    "rating": 4.4,
    "notes": "Appetizer menu lists one calamari dish. Ika nigiri and aburi ika are single sushi pieces, so they were excluded. The menu footer says prices are subject to change without notice, and the page copyright is 2019.",
    "last_checked": "2026-10-03"
   }
  },
  {
   "type": "Feature",
   "geometry": {
    "type": "Point",
    "coordinates": [
     -123.174181,
     49.264391
    ]
   },
   "properties": {
    "id": "ChIJBadMGQBzhlQRlxcRlUO2Qfs",
    "name": "Hanoi Old Quarter",
    "address": "3105 W Broadway, Vancouver, BC V6K 2G9, Canada",
    "price": 12.0,
    "dish": "Squid Satay | Mực Nướng Sa Tế",
    "items": [
     {
      "dish_name": "Squid Satay | Mực Nướng Sa Tế",
      "price": 12.0,
      "portion_note": "grilled marinated satay squid appetizer",
      "is_happy_hour": false
     }
    ],
    "confidence": "medium",
    "price_source": "menu",
    "source_url": "https://www.hanoioldquarter.ca/food-menu",
    "website": "https://www.hanoioldquarter.ca/",
    "google_maps_url": "https://maps.google.com/?cid=18104952378386093975&g_mp=Cidnb29nbGUubWFwcy5wbGFjZXMudjEuUGxhY2VzLlNlYXJjaFRleHQQAhgEIAA",
    "price_level": 2,
    "rating": 4.7,
    "notes": "Only squid-focused dish is the grilled satay squid appetizer (not fried calamari). Seafood Noodle Soup contains squid with other ingredients and was excluded. Menu text is truncated (cut off mid-listing), so other squid dishes may exist.",
    "last_checked": "2026-10-03"
   }
  },
  {
   "type": "Feature",
   "geometry": {
    "type": "Point",
    "coordinates": [
     -123.101276,
     49.251365
    ]
   },
   "properties": {
    "id": "ChIJoeCkKW5zhlQRUXa4R1Or1S0",
    "name": "YUM YAI THAI FOOD",
    "address": "3755 Main St, Vancouver, BC V5V 3N8, Canada",
    "price": 12.0,
    "dish": "Calamari",
    "items": [
     {
      "dish_name": "Calamari",
      "price": 12.0,
      "portion_note": "small plate, lunch menu",
      "is_happy_hour": false
     }
    ],
    "confidence": "medium",
    "price_source": "menu",
    "source_url": "https://www.yumyaithaifood.com/menu",
    "website": "http://www.yumyaithaifood.com/",
    "google_maps_url": "https://maps.google.com/?cid=3302734275920033361&g_mp=Cidnb29nbGUubWFwcy5wbGFjZXMudjEuUGxhY2VzLlNlYXJjaFRleHQQAhgEIAA",
    "price_level": 2,
    "rating": 4.6,
    "notes": "Price is from the Lunch menu's Small Plates section. The scraped text is cut off at the end, and a separate dinner menu may have different pricing.",
    "last_checked": "2026-10-03"
   }
  },
  {
   "type": "Feature",
   "geometry": {
    "type": "Point",
    "coordinates": [
     -123.057348,
     49.281307
    ]
   },
   "properties": {
    "id": "ChIJQSmlgxhxhlQRB4Jp0RW8gFY",
    "name": "Miyako Sushi",
    "address": "2341 E Hastings St, Vancouver, BC V5L 1V6, Canada",
    "price": 12.95,
    "dish": "Ika Karaage",
    "items": [
     {
      "dish_name": "Ika Karaage",
      "price": 12.95,
      "portion_note": "appetizer, fried squid",
      "is_happy_hour": false
     },
     {
      "dish_name": "BBQ Squid",
      "price": 15.95,
      "portion_note": "appetizer",
      "is_happy_hour": false
     }
    ],
    "confidence": "high",
    "price_source": "menu",
    "source_url": "https://www.zomi.menu/shop/miyakosushi/pick-up/menu",
    "website": "https://miyakosushi.zomi.menu/",
    "google_maps_url": "https://maps.google.com/?cid=6233188686174454279&g_mp=Cidnb29nbGUubWFwcy5wbGFjZXMudjEuUGxhY2VzLlNlYXJjaFRleHQQAhgEIAA",
    "price_level": 2,
    "rating": 2.7,
    "notes": "Ika Karaage (fried squid) used as the standard fried calamari appetizer. Ika nigiri ($3.75) excluded as a single sushi piece. Prices are from the online pick-up menu and may differ slightly from the dine-in menu.",
    "last_checked": "2026-10-03"
   }
  },
  {
   "type": "Feature",
   "geometry": {
    "type": "Point",
    "coordinates": [
     -123.13251,
     49.28138
    ]
   },
   "properties": {
    "id": "ChIJY1AHG-FzhlQRv_x6HWOn7DU",
    "name": "Davie's The Best Turkish Cuisine",
    "address": "1157 Davie St, Vancouver, BC V6E 1N2, Canada",
    "price": 12.99,
    "dish": "Calamari",
    "items": [
     {
      "dish_name": "Calamari",
      "price": 12.99,
      "portion_note": "10 pieces of fried calamari rings",
      "is_happy_hour": false
     }
    ],
    "confidence": "high",
    "price_source": "menu",
    "source_url": "https://www.daviesthebest.com/menu",
    "website": "http://daviesthebest.ca/",
    "google_maps_url": "https://maps.google.com/?cid=3885664622652095679&g_mp=Cidnb29nbGUubWFwcy5wbGFjZXMudjEuUGxhY2VzLlNlYXJjaFRleHQQAhgEIAA",
    "price_level": 2,
    "rating": 4.1,
    "notes": "Menu text was truncated after the kebabs section, but the appetizer section with calamari appears complete. The source URL domain (.com) differs from the listed website (.ca).",
    "last_checked": "2026-10-03"
   }
  },
  {
   "type": "Feature",
   "geometry": {
    "type": "Point",
    "coordinates": [
     -123.066131,
     49.28164
    ]
   },
   "properties": {
    "id": "ChIJkS-ZCxdxhlQRazc_CY892dE",
    "name": "Pelican Seafood Restaurant(Best Price on Website)",
    "address": "1895 E Hastings St, Vancouver, BC V5L 1T3, Canada",
    "price": 12.99,
    "dish": "Deep Fried Squid with Salt and Pepper",
    "items": [
     {
      "dish_name": "Deep Fried Squid with Salt and Pepper",
      "price": 12.99,
      "portion_note": "Chef Specials (Lunch)",
      "is_happy_hour": false
     },
     {
      "dish_name": "Deep Fried Squid with Pepper & Spiced Sauce",
      "price": 26.98,
      "portion_note": "Seafood section / featured",
      "is_happy_hour": false
     }
    ],
    "confidence": "medium",
    "price_source": "menu",
    "source_url": "https://www.zomi.menu/shop/pelicanseafoodrestaurant/pick-up/menu",
    "website": "https://pelicanseafoodrestaurant.zomi.menu/",
    "google_maps_url": "https://maps.google.com/?cid=15121184908417906539&g_mp=Cidnb29nbGUubWFwcy5wbGFjZXMudjEuUGxhY2VzLlNlYXJjaFRleHQQAhgEIAA",
    "price_level": 2,
    "rating": 3.9,
    "notes": "The $12.99 Deep Fried Squid with Salt and Pepper is listed under the Chef Specials (Lunch) section, so it may be a lunch-only price. The regular-menu dinner version was not visible because the menu text is truncated. The $26.98 Deep Fried Squid with Pepper & Spiced Sauce is in the Seafood section. The listing is from an online ordering platform (ZOMI).",
    "last_checked": "2026-10-03"
   }
  },
  {
   "type": "Feature",
   "geometry": {
    "type": "Point",
    "coordinates": [
     -123.125645,
     49.263551
    ]
   },
   "properties": {
    "id": "ChIJefGmaXpzhlQRRZrYUPtQqgk",
    "name": "Tozen Sushi Bar",
    "address": "967 W Broadway, Vancouver, BC V5Z 1K3, Canada",
    "price": 13.0,
    "dish": "Ika Maruyaki",
    "items": [
     {
      "dish_name": "Ika Maruyaki",
      "price": 13.0,
      "portion_note": "Grilled Squid",
      "is_happy_hour": false
     }
    ],
    "confidence": "high",
    "price_source": "menu",
    "source_url": "https://www.tozensushibar.ca/tozen-menu/",
    "website": "https://www.tozensushibar.ca/",
    "google_maps_url": "https://maps.google.com/?cid=696458132705548869&g_mp=Cidnb29nbGUubWFwcy5wbGFjZXMudjEuUGxhY2VzLlNlYXJjaFRleHQQAhgEIAA",
    "price_level": 2,
    "rating": 4.7,
    "notes": "Only squid-focused dish is Ika Maruyaki (grilled squid), listed under To Share. Okonomiyaki (squid is one of several ingredients) and ika nigiri (price not clearly shown) were excluded. No fried calamari on the menu.",
    "last_checked": "2026-10-03"
   }
  },
  {
   "type": "Feature",
   "geometry": {
    "type": "Point",
    "coordinates": [
     -123.159161,
     49.234801
    ]
   },
   "properties": {
    "id": "ChIJiY787npzhlQRBF38KCx3UwQ",
    "name": "41 Noodle & Rice Pot House",
    "address": "2279 W 41st Ave, Vancouver, BC V6M 2A3, Canada",
    "price": 13.0,
    "dish": "G3. Salt and Pepper Squid 椒鹽魷魚須",
    "items": [
     {
      "dish_name": "G3. Salt and Pepper Squid 椒鹽魷魚須",
      "price": 13.0,
      "portion_note": null,
      "is_happy_hour": false
     }
    ],
    "confidence": "medium",
    "price_source": "menu",
    "source_url": "https://41noodlericepot.com/",
    "website": "https://41noodlericepot.com/",
    "google_maps_url": "https://maps.google.com/?cid=311723830768590084&g_mp=Cidnb29nbGUubWFwcy5wbGFjZXMudjEuUGxhY2VzLlNlYXJjaFRleHQQAhgEIAA",
    "price_level": 2,
    "rating": 4,
    "notes": "Price taken from the best sellers list on the online-ordering homepage; the full Side Orders (G) section was not visible, so there may be other sizes or squid dishes.",
    "last_checked": "2026-10-03"
   }
  },
  {
   "type": "Feature",
   "geometry": {
    "type": "Point",
    "coordinates": [
     -123.029865,
     49.205943
    ]
   },
   "properties": {
    "id": "ChIJG5yJepR1hlQRZ6THjHcg4hc",
    "name": "Sushi Mura",
    "address": "3545 E Sawmill Cres, Vancouver, BC V5S 0E3, Canada",
    "price": 13.75,
    "dish": "Ika Karage",
    "items": [
     {
      "dish_name": "Ika Karage",
      "price": 13.75,
      "portion_note": "Deep fried calamari appetizer",
      "is_happy_hour": false
     }
    ],
    "confidence": "high",
    "price_source": "menu",
    "source_url": "https://sushi-mura.com/menus-1/",
    "website": "https://sushi-mura.com/",
    "google_maps_url": "https://maps.google.com/?cid=1720973705444041831&g_mp=Cidnb29nbGUubWFwcy5wbGFjZXMudjEuUGxhY2VzLlNlYXJjaFRleHQQAhgEIAA",
    "price_level": 2,
    "rating": 4.3,
    "notes": "Excluded Calamari Crush roll ($22.75, specialty sushi roll with deep fried squid among other ingredients) and Ika nigiri ($3.50/pc). Menu is a chain-wide menu, not specific to the River District location, and some sections were truncated.",
    "last_checked": "2026-10-03"
   }
  },
  {
   "type": "Feature",
   "geometry": {
    "type": "Point",
    "coordinates": [
     -123.128858,
     49.226864
    ]
   },
   "properties": {
    "id": "ChIJGWYxCH10hlQRLARrdkVpCsY",
    "name": "Sushi Mura",
    "address": "6485 Oak St, Vancouver, BC V6M 2W7, Canada",
    "price": 13.75,
    "dish": "Ika Karage",
    "items": [
     {
      "dish_name": "Ika Karage",
      "price": 13.75,
      "portion_note": "Deep fried calamari appetizer",
      "is_happy_hour": false
     },
     {
      "dish_name": "Calamari Crush",
      "price": 22.75,
      "portion_note": "Special roll with deep fried squid",
      "is_happy_hour": false
     }
    ],
    "confidence": "high",
    "price_source": "menu",
    "source_url": "https://sushi-mura.com/menus-1/",
    "website": "https://sushi-mura.com/",
    "google_maps_url": "https://maps.google.com/?cid=14270334116337222700&g_mp=Cidnb29nbGUubWFwcy5wbGFjZXMudjEuUGxhY2VzLlNlYXJjaFRleHQQAhgEIAA",
    "price_level": 2,
    "rating": 4.2,
    "notes": "Menu is shared across all Sushi Mura locations; the Oak St prices are assumed to match. Nigiri Ika (squid, $3.50/pc) was excluded as it is not a calamari dish.",
    "last_checked": "2026-10-03"
   }
  },
  {
   "type": "Feature",
   "geometry": {
    "type": "Point",
    "coordinates": [
     -123.10106,
     49.246163
    ]
   },
   "properties": {
    "id": "ChIJOSB2ZABzhlQRqF_C0mLk3VI",
    "name": "Cockney Kings Fish & Chips",
    "address": "4360 Main St, Vancouver, BC V5V 3P9, Canada",
    "price": 13.95,
    "dish": "Calamari",
    "items": [
     {
      "dish_name": "Calamari",
      "price": 13.95,
      "portion_note": "Main St menu side order",
      "is_happy_hour": false
     },
     {
      "dish_name": "Calamari",
      "price": 13.95,
      "portion_note": "Dine-in starter (Burnaby & New West), served with tzatziki and red onion",
      "is_happy_hour": false
     },
     {
      "dish_name": "Calamari Dinner",
      "price": 19.95,
      "portion_note": "Dine-in entrée (Burnaby & New West) with chips, coleslaw, bread roll",
      "is_happy_hour": false
     }
    ],
    "confidence": "high",
    "price_source": "menu",
    "source_url": "https://cockneykings.ca/menus/",
    "website": "http://cockneykings.ca/",
    "google_maps_url": "https://maps.google.com/?cid=5971179794057027496&g_mp=Cidnb29nbGUubWFwcy5wbGFjZXMudjEuUGxhY2VzLlNlYXJjaFRleHQQAhgEIAA",
    "price_level": 1,
    "rating": 4.4,
    "notes": "The Main St (4360 Main St) menu lists Calamari as a side at $13.95. The same price appears on the Kitsilano menu and the New West/Burnaby dine-in and takeout menus. The Calamari Dinner at $19.95 is only on the Burnaby/New West dine-in menu, not the Main St menu.",
    "last_checked": "2026-10-03"
   }
  },
  {
   "type": "Feature",
   "geometry": {
    "type": "Point",
    "coordinates": [
     -123.156928,
     49.267994
    ]
   },
   "properties": {
    "id": "ChIJTYMJhrNzhlQRMI7Di-Fta5k",
    "name": "Hi-Nippon Japanese Restaurant",
    "address": "2274 W 4th Ave, Vancouver, BC V6K 1S4, Canada",
    "price": 13.95,
    "dish": "Calamari Karaage",
    "items": [
     {
      "dish_name": "Calamari Karaage",
      "price": 13.95,
      "portion_note": "crispy deep-fried squid",
      "is_happy_hour": false
     }
    ],
    "confidence": "high",
    "price_source": "menu",
    "source_url": "https://hi-nippon.ca/menu",
    "website": "https://hi-nippon.ca/",
    "google_maps_url": "https://maps.google.com/?cid=11055050525790932528&g_mp=Cidnb29nbGUubWFwcy5wbGFjZXMudjEuUGxhY2VzLlNlYXJjaFRleHQQAhgEIAA",
    "price_level": 2,
    "rating": 4.1,
    "notes": "Only one squid dish found in the appetizer section. Menu text appears partial (ends mid-page) but the calamari price is clearly printed.",
    "last_checked": "2026-10-03"
   }
  },
  {
   "type": "Feature",
   "geometry": {
    "type": "Point",
    "coordinates": [
     -123.148513,
     49.272611
    ]
   },
   "properties": {
    "id": "ChIJx3BZ6MtzhlQRvys_xYe1Yww",
    "name": "Cockney Kings Fish & Chips",
    "address": "1935 Cornwall Ave, Vancouver, BC V6J 1C8, Canada",
    "price": 13.95,
    "dish": "Calamari",
    "items": [
     {
      "dish_name": "Calamari",
      "price": 13.95,
      "portion_note": "starter/share plate, dine-in menu (Burnaby & New West)",
      "is_happy_hour": false
     },
     {
      "dish_name": "Calamari Dinner",
      "price": 19.95,
      "portion_note": "entrée, dine-in menu (Burnaby & New West)",
      "is_happy_hour": false
     },
     {
      "dish_name": "Calamari",
      "price": 13.95,
      "portion_note": "side order, full order (takeout menu)",
      "is_happy_hour": false
     },
     {
      "dish_name": "Calamari",
      "price": 13.95,
      "portion_note": "side, Kitsilano menu",
      "is_happy_hour": false
     },
     {
      "dish_name": "Calamari",
      "price": 13.95,
      "portion_note": "side, Main St menu",
      "is_happy_hour": false
     }
    ],
    "confidence": "medium",
    "price_source": "menu",
    "source_url": "https://cockneykings.ca/menus/",
    "website": "http://www.cockneykings.ca/",
    "google_maps_url": "https://maps.google.com/?cid=892756745883954111&g_mp=Cidnb29nbGUubWFwcy5wbGFjZXMudjEuUGxhY2VzLlNlYXJjaFRleHQQAhgEIAA",
    "price_level": 1,
    "rating": 4.8,
    "notes": "The scraped menu lists Kitsilano and Main St menus separately from the dine-in menu. The address given (1935 Cornwall Ave) is in Kitsilano, so the Kitsilano menu applies, and it lists Calamari at $13.95. The page text is partly truncated.",
    "last_checked": "2026-10-03"
   }
  },
  {
   "type": "Feature",
   "geometry": {
    "type": "Point",
    "coordinates": [
     -123.121617,
     49.263692
    ]
   },
   "properties": {
    "id": "ChIJUxfUJcNzhlQR6ohfXAT0j7o",
    "name": "Dynasty Seafood Restaurant",
    "address": "777 W Broadway #108, Vancouver, BC V5Z 1J5, Canada",
    "price": 13.98,
    "dish": "Deep Fried Squid Tentacles",
    "items": [
     {
      "dish_name": "Deep Fried Squid Tentacles",
      "price": 13.98,
      "portion_note": "dim sum",
      "is_happy_hour": false
     },
     {
      "dish_name": "Deep Fried Squid in Pepper Salt",
      "price": 39.99,
      "portion_note": "dinner seafood main",
      "is_happy_hour": false
     },
     {
      "dish_name": "Sauteed Squid in Black Bean Sauce",
      "price": 39.99,
      "portion_note": "dinner seafood main",
      "is_happy_hour": false
     }
    ],
    "confidence": "medium",
    "price_source": "menu",
    "source_url": "http://dynasty-restaurant.ca/wp-content/uploads/2020/09/Dim-Sum.pdf",
    "website": "http://dynasty-restaurant.ca/contact",
    "google_maps_url": "https://maps.google.com/?cid=13443231712291031274&g_mp=Cidnb29nbGUubWFwcy5wbGFjZXMudjEuUGxhY2VzLlNlYXJjaFRleHQQAhgEIAA",
    "price_level": 2,
    "rating": 4.2,
    "notes": "Benchmark is the dim sum Deep Fried Squid Tentacles, the closest match to a fried calamari appetizer. The dinner menu has Deep Fried Squid in Pepper Salt at 39.99 as a main-size dish. Menu PDFs are dated 2020, so prices may be outdated.",
    "last_checked": "2026-10-03"
   }
  },
  {
   "type": "Feature",
   "geometry": {
    "type": "Point",
    "coordinates": [
     -123.065254,
     49.230976
    ]
   },
   "properties": {
    "id": "ChIJn0Wz0Xd1hlQR5ZqLLJbiR1c",
    "name": "名人食館 Super Stars Restaurant",
    "address": "5822 Victoria Dr, Vancouver, BC V5P 3W5, Canada",
    "price": 13.98,
    "dish": "Salt & Pepper Squid",
    "items": [
     {
      "dish_name": "Salt & Pepper Squid",
      "price": 13.98,
      "portion_note": null,
      "is_happy_hour": false
     }
    ],
    "confidence": "medium",
    "price_source": "menu",
    "source_url": "https://www.zomi.menu/shop/superstarsrestaurant/pick-up/menu",
    "website": "https://superstarsrestaurant.zomi.menu/",
    "google_maps_url": "https://maps.google.com/?cid=6289244539266505445&g_mp=Cidnb29nbGUubWFwcy5wbGFjZXMudjEuUGxhY2VzLlNlYXJjaFRleHQQAhgEIAA",
    "price_level": 2,
    "rating": 3.6,
    "notes": "Menu text is truncated (ends mid-word) and is an online pick-up menu, so prices may differ from the in-restaurant menu. Salt & Pepper Squid is listed under Kitchen Specials.",
    "last_checked": "2026-10-03"
   }
  },
  {
   "type": "Feature",
   "geometry": {
    "type": "Point",
    "coordinates": [
     -123.124247,
     49.278635
    ]
   },
   "properties": {
    "id": "ChIJ3bF6uV9zhlQRp_tsSGGUq7s",
    "name": "Thai Town Restaurant",
    "address": "1065 Granville St, Vancouver, BC V6Z 1L4, Canada",
    "price": 13.99,
    "dish": "Thai Fried Calamari",
    "items": [
     {
      "dish_name": "Thai Fried Calamari",
      "price": 13.99,
      "portion_note": null,
      "is_happy_hour": false
     }
    ],
    "confidence": "high",
    "price_source": "menu",
    "source_url": "https://www.vancouverthaitown.com/ffafg3no/thai-town-restaurant-vancouver-v6z-1l4/order-online",
    "website": "https://www.vancouverthaitown.com/",
    "google_maps_url": "https://maps.google.com/?cid=13523065451657886631&g_mp=Cidnb29nbGUubWFwcy5wbGFjZXMudjEuUGxhY2VzLlNlYXJjaFRleHQQAhgEIAA",
    "price_level": 2,
    "rating": 4.5,
    "notes": "Price from online ordering menu (All Day Menu); the Seafood section was not shown in the scraped text, so other squid dishes may exist.",
    "last_checked": "2026-10-03"
   }
  },
  {
   "type": "Feature",
   "geometry": {
    "type": "Point",
    "coordinates": [
     -123.121129,
     49.276155
    ]
   },
   "properties": {
    "id": "ChIJZ04tZ9ZzhlQRDsJZp_cOS4U",
    "name": "Blue Water Cafe",
    "address": "1095 Hamilton St, Vancouver, BC V6B 2W9, Canada",
    "price": 14.0,
    "dish": "Moroccan Calamari",
    "items": [
     {
      "dish_name": "Moroccan Calamari",
      "price": 14.0,
      "portion_note": "Sunseeker afternoon menu (fried squid rings with ras-el-hanout, harissa aioli)",
      "is_happy_hour": false
     }
    ],
    "confidence": "medium",
    "price_source": "menu",
    "source_url": "https://bluewatercafe.ca/wp-content/uploads/2025/06/June2025_Sunseeker_Menu.pdf",
    "website": "https://bluewatercafe.ca/?utm_source=GoogleBusinessProfile&utm_medium=Website&utm_campaign=MapLabs",
    "google_maps_url": "https://maps.google.com/?cid=9604787087125103118&g_mp=Cidnb29nbGUubWFwcy5wbGFjZXMudjEuUGxhY2VzLlNlYXJjaFRleHQQAhgEIAA",
    "price_level": 4,
    "rating": 4.7,
    "notes": "Price is from the June 2025 Sunseeker afternoon menu (Fri-Sun 2:30-4:45pm), not the regular dinner menu, which was not available in the scraped text. Dinner price may differ and the menu may be outdated. It is not a happy hour menu.",
    "last_checked": "2026-10-03"
   }
  },
  {
   "type": "Feature",
   "geometry": {
    "type": "Point",
    "coordinates": [
     -123.028934,
     49.23185
    ]
   },
   "properties": {
    "id": "ChIJZfBUC452hlQRudkCVGlRYMA",
    "name": "Happy Tree House BBQ Kingsway木屋炭烤(溫哥華店)",
    "address": "3502 Kingsway, Vancouver, BC V5R 6A4, Canada",
    "price": 14.25,
    "dish": "Squid Tentacle (spicy)",
    "items": [
     {
      "dish_name": "Squid Tentacle (spicy)",
      "price": 14.25,
      "portion_note": null,
      "is_happy_hour": false
     }
    ],
    "confidence": "medium",
    "price_source": "menu",
    "source_url": "https://www.zomi.menu/shop/happytreehousebbqkingsway/pick-up/menu",
    "website": "https://happytreehousebbqkingsway.zomi.menu/",
    "google_maps_url": "https://maps.google.com/?cid=13862169165869275577&g_mp=Cidnb29nbGUubWFwcy5wbGFjZXMudjEuUGxhY2VzLlNlYXJjaFRleHQQAhgEIAA",
    "price_level": 2,
    "rating": 3.8,
    "notes": "Menu text is a partial fragment of a BBQ skewer/grill menu. Squid Tentacle (spicy) is the only squid dish found and is a BBQ item rather than a typical fried calamari appetizer. Its portion size is not stated, so the price may be for a full plate.",
    "last_checked": "2026-10-03"
   }
  },
  {
   "type": "Feature",
   "geometry": {
    "type": "Point",
    "coordinates": [
     -123.155835,
     49.232201
    ]
   },
   "properties": {
    "id": "ChIJg-1zYntzhlQROHIKA_RrtG0",
    "name": "BBT Café",
    "address": "5979 West Blvd, Vancouver, BC V6M 3X1, Canada",
    "price": 14.95,
    "dish": "七彩魷魚鬚 DEEP FRIED SQUID",
    "items": [
     {
      "dish_name": "七彩魷魚鬚 DEEP FRIED SQUID",
      "price": 14.95,
      "portion_note": null,
      "is_happy_hour": false
     }
    ],
    "confidence": "high",
    "price_source": "menu",
    "source_url": "https://bbtcafe.com/menu/light-meals-cuisine/entree/",
    "website": "http://www.bbtcafe.com/",
    "google_maps_url": "https://maps.google.com/?cid=7905061941709271608&g_mp=Cidnb29nbGUubWFwcy5wbGFjZXMudjEuUGxhY2VzLlNlYXJjaFRleHQQAhgEIAA",
    "price_level": 2,
    "rating": 3.8,
    "notes": "Deep fried squid (squid tentacles) listed in the Entree section. Excluded: squid balls (processed fish/squid paste) and Hakka stir-fried tofu & pork celery squid (squid is one of several ingredients; no standalone squid main).",
    "last_checked": "2026-10-03"
   }
  },
  {
   "type": "Feature",
   "geometry": {
    "type": "Point",
    "coordinates": [
     -123.15541,
     49.271556
    ]
   },
   "properties": {
    "id": "ChIJH96xDddzhlQR3ebVB93c-Jo",
    "name": "Mount Everest Kitchen & Bar",
    "address": "2204 York Ave, Vancouver, BC V6K 3E6, Canada",
    "price": 14.99,
    "dish": "Crispy Calamari",
    "items": [
     {
      "dish_name": "Crispy Calamari",
      "price": 14.99,
      "portion_note": "Lightly dusted calamari with lemon pepper salt, served with garlic aioli",
      "is_happy_hour": false
     }
    ],
    "confidence": "high",
    "price_source": "menu",
    "source_url": "https://everestkitchenandbar.ca/menu/",
    "website": "https://everestkitchenandbar.ca/",
    "google_maps_url": "https://maps.google.com/?cid=11166918117942486749&g_mp=Cidnb29nbGUubWFwcy5wbGFjZXMudjEuUGxhY2VzLlNlYXJjaFRleHQQAhgEIAA",
    "price_level": 2,
    "rating": 4.7,
    "notes": "Happy hour specials exist (kitchen and bar) but no happy hour menu details were included in the scraped text, so any happy hour calamari price is unknown. The menu text was cut off at both ends, but the calamari entry and its price are clearly paired.",
    "last_checked": "2026-10-03"
   }
  },
  {
   "type": "Feature",
   "geometry": {
    "type": "Point",
    "coordinates": [
     -123.069699,
     49.276035
    ]
   },
   "properties": {
    "id": "ChIJSZi5euNzhlQRDKv0oXuLPDU",
    "name": "The London Fish (Windjammer Restaurant)",
    "address": "937 Commercial Dr, Vancouver, BC V5L 3W7, Canada",
    "price": 14.99,
    "dish": "Crispy Calamari",
    "items": [
     {
      "dish_name": "Crispy Calamari",
      "price": 14.99,
      "portion_note": "appetizer",
      "is_happy_hour": false
     }
    ],
    "confidence": "medium",
    "price_source": "menu",
    "source_url": "https://www.zomi.menu/shop/thelondonfish/pick-up/menu",
    "website": "https://thelondonfish.zomi.menu/",
    "google_maps_url": "https://maps.google.com/?cid=3836094345727224588&g_mp=Cidnb29nbGUubWFwcy5wbGFjZXMudjEuUGxhY2VzLlNlYXJjaFRleHQQAhgEIAA",
    "price_level": 1,
    "rating": 4.4,
    "notes": "Price taken from the Zomi online pick-up menu, which may differ from in-restaurant pricing. The menu text is cut off at the end, though the appetizers section appears complete.",
    "last_checked": "2026-10-03"
   }
  },
  {
   "type": "Feature",
   "geometry": {
    "type": "Point",
    "coordinates": [
     -123.134901,
     49.291405
    ]
   },
   "properties": {
    "id": "ChIJ1cv4PYhxhlQRE-YsD8Iaaac",
    "name": "Banana Leaf on Robson",
    "address": "1779 Robson St, Vancouver, BC V6G 1C9, Canada",
    "price": 15.0,
    "dish": "Nyonya Calamari",
    "items": [
     {
      "dish_name": "Nyonya Calamari",
      "price": 15.0,
      "portion_note": null,
      "is_happy_hour": false
     }
    ],
    "confidence": "medium",
    "price_source": "menu",
    "source_url": "https://www.bananaleaf-vancouver.com/main-menu",
    "website": "https://www.bananaleaf-vancouver.com/robson",
    "google_maps_url": "https://maps.google.com/?cid=12063202497669162515&g_mp=Cidnb29nbGUubWFwcy5wbGFjZXMudjEuUGxhY2VzLlNlYXJjaFRleHQQAhgEIAA",
    "price_level": 2,
    "rating": 4.3,
    "notes": "The Nyonya Calamari price is from the main menu page, which is shared across locations and may not be Robson-specific. The Davie menu also lists it at $15. The scraped text is truncated in places. No happy hour menu was included. The Appetizer Sampler, seafood gulai, char kuey teow and laksa contain squid only as one of several ingredients, so they were excluded.",
    "last_checked": "2026-10-03"
   }
  },
  {
   "type": "Feature",
   "geometry": {
    "type": "Point",
    "coordinates": [
     -123.133604,
     49.290126
    ]
   },
   "properties": {
    "id": "ChIJAckY5IJxhlQRl1RUwHtjSAw",
    "name": "Plus 84 Vietnamese Bistro",
    "address": "1682 Robson St, Vancouver, BC V6G 1C7, Canada",
    "price": 15.0,
    "dish": "Garlic Fried Calamari",
    "items": [
     {
      "dish_name": "Garlic Fried Calamari",
      "price": 15.0,
      "portion_note": "Deep fried squid with garlic and green onion",
      "is_happy_hour": false
     }
    ],
    "confidence": "high",
    "price_source": "menu",
    "source_url": "https://www.zomi.menu/shop/plusvietnamesebistro/pick-up/menu",
    "website": "https://plusvietnamesebistro.zomi.menu/",
    "google_maps_url": "https://maps.google.com/?cid=885066709937181847&g_mp=Cidnb29nbGUubWFwcy5wbGFjZXMudjEuUGxhY2VzLlNlYXJjaFRleHQQAhgEIAA",
    "price_level": 1,
    "rating": 4.7,
    "notes": "Price from ZOMI online ordering menu (in-store price). Seafood spring roll and seafood noodle soups contain squid among other ingredients, so they were excluded. The scraped text was truncated in the middle of the menu, but the appetizer section is complete.",
    "last_checked": "2026-10-03"
   }
  },
  {
   "type": "Feature",
   "geometry": {
    "type": "Point",
    "coordinates": [
     -123.122473,
     49.263168
    ]
   },
   "properties": {
    "id": "ChIJdxjrGMNzhlQREy0YgBUfdvs",
    "name": "Banana Leaf Original (Broadway & Oak)",
    "address": "820 W Broadway, Vancouver, BC V5Z 1J8, Canada",
    "price": 15.0,
    "dish": "Nyonya Calamari",
    "items": [
     {
      "dish_name": "Nyonya Calamari",
      "price": 15.0,
      "portion_note": "crispy fried calamari, cilantro, green onion, coconut lime sauce",
      "is_happy_hour": false
     }
    ],
    "confidence": "medium",
    "price_source": "menu",
    "source_url": "https://www.bananaleaf-vancouver.com/main-menu",
    "website": "https://www.bananaleaf-vancouver.com/broadway",
    "google_maps_url": "https://maps.google.com/?cid=18119704327975611667&g_mp=Cidnb29nbGUubWFwcy5wbGFjZXMudjEuUGxhY2VzLlNlYXJjaFRleHQQAhgEIAA",
    "price_level": 2,
    "rating": 4.4,
    "notes": "Price taken from the Broadway & Oak main menu page, which is the restaurant's own menu. The scrape is partial, with a truncated section, and the Happy Hour menu is not included. The Davie menu also lists Nyonya Calamari at $15, but that is a different location. Appetizer Sampler, seafood gulai, char kuey teow and laksa include squid only as one of several ingredients, so they were excluded.",
    "last_checked": "2026-10-03"
   }
  },
  {
   "type": "Feature",
   "geometry": {
    "type": "Point",
    "coordinates": [
     -123.172302,
     49.26436
    ]
   },
   "properties": {
    "id": "ChIJwXdWeqtzhlQRvhCBn2ZX5kM",
    "name": "Banana Leaf in Kitsilano",
    "address": "3005 W Broadway, Vancouver, BC V6K 2G9, Canada",
    "price": 15.0,
    "dish": "Nyonya Calamari",
    "items": [
     {
      "dish_name": "Nyonya Calamari",
      "price": 15.0,
      "portion_note": "crispy fried calamari, cilantro, green onion, coconut lime sauce",
      "is_happy_hour": false
     }
    ],
    "confidence": "medium",
    "price_source": "menu",
    "source_url": "https://www.bananaleaf-vancouver.com/main-menu",
    "website": "https://www.bananaleaf-vancouver.com/kitsilano",
    "google_maps_url": "https://maps.google.com/?cid=4892694143458939070&g_mp=Cidnb29nbGUubWFwcy5wbGFjZXMudjEuUGxhY2VzLlNlYXJjaFRleHQQAhgEIAA",
    "price_level": 2,
    "rating": 4.2,
    "notes": "The main-menu page is not labeled as the Kitsilano location. It lists Broadway & Oak, Kitsilano, Davie, Robson and South Surrey in the navigation. The Davie menu shows the same $15 price for Nyonya Calamari, but it uses a different format with sampling dishes. The Kitsilano price is likely $15 but not confirmed. The happy hour menu was not included in the scraped text. Squid appears in other dishes (gulai, char kuey teow, laksa) that were excluded as multi-ingredient.",
    "last_checked": "2026-10-03"
   }
  },
  {
   "type": "Feature",
   "geometry": {
    "type": "Point",
    "coordinates": [
     -123.130207,
     49.27991
    ]
   },
   "properties": {
    "id": "ChIJy8QPstRzhlQRwnXVAci0KBA",
    "name": "Banana Leaf on Davie",
    "address": "1043 Davie St, Vancouver, BC V6E 1M5, Canada",
    "price": 15.0,
    "dish": "Nyonya Calamari",
    "items": [
     {
      "dish_name": "Nyonya Calamari",
      "price": 15.0,
      "portion_note": "crispy fried calamari, cilantro, green onion, coconut lime sauce",
      "is_happy_hour": false
     }
    ],
    "confidence": "high",
    "price_source": "menu",
    "source_url": "https://www.bananaleaf-vancouver.com/davie-menu",
    "website": "https://www.bananaleaf-vancouver.com/davie",
    "google_maps_url": "https://maps.google.com/?cid=1164379274792498626&g_mp=Cidnb29nbGUubWFwcy5wbGFjZXMudjEuUGxhY2VzLlNlYXJjaFRleHQQAhgEIAA",
    "price_level": 2,
    "rating": 4.3,
    "notes": "Nyonya Calamari is $15 on both the main menu and the Davie-specific menu. Appetizer Sampler, Seafood Gulai, Char Kuey Teow and Laksa contain squid only as one ingredient among several, so they were excluded. Happy hour menu was not included in the scraped text.",
    "last_checked": "2026-10-03"
   }
  },
  {
   "type": "Feature",
   "geometry": {
    "type": "Point",
    "coordinates": [
     -123.090881,
     49.229992
    ]
   },
   "properties": {
    "id": "ChIJM0jYfRR0hlQRGzzKM0EKBV4",
    "name": "Good Choice Restaurant",
    "address": "6007 Fraser St, Vancouver, BC V5W 2Z8, Canada",
    "price": 15.25,
    "dish": "Spicy Deep Fried Squid (椒鹽鮮魷)",
    "items": [
     {
      "dish_name": "Spicy Deep Fried Squid (椒鹽鮮魷)",
      "price": 15.25,
      "portion_note": "dim sum menu",
      "is_happy_hour": false
     },
     {
      "dish_name": "Deep Fried Squids with Peppery Salt (椒鹽鮮魷)",
      "price": 27.8,
      "portion_note": "takeout flyer, seafood dish",
      "is_happy_hour": false
     }
    ],
    "confidence": "medium",
    "price_source": "menu",
    "source_url": "https://www.good-choice.ca/images/menu/dimsummenu.pdf",
    "website": "http://www.good-choice.ca/",
    "google_maps_url": "https://maps.google.com/?cid=6774832489606822939&g_mp=Cidnb29nbGUubWFwcy5wbGFjZXMudjEuUGxhY2VzLlNlYXJjaFRleHQQAhgEIAA",
    "price_level": 2,
    "rating": 4.2,
    "notes": "Dim sum menu text is a fragment, so the $15.25 price is read from a two-column layout and the dish listing is likely correct but not certain. Takeout flyer lists the same dish at $27.80 as a full-size dinner seafood dish. Dim sum Combo C includes a half order of the squid, but no separate price is given. Menus dated September 2025.",
    "last_checked": "2026-10-03"
   }
  },
  {
   "type": "Feature",
   "geometry": {
    "type": "Point",
    "coordinates": [
     -123.121358,
     49.275235
    ]
   },
   "properties": {
    "id": "ChIJ8_6iRABzhlQRIyYEw6JqU6g",
    "name": "RAY'S",
    "address": "1131 Mainland St, Vancouver, BC V6B 6C5, Canada",
    "price": 15.75,
    "dish": "Calamari Fritti",
    "items": [
     {
      "dish_name": "Calamari Fritti",
      "price": 15.75,
      "portion_note": null,
      "is_happy_hour": false
     }
    ],
    "confidence": "medium",
    "price_source": "menu",
    "source_url": "https://raysrestaurant.com/menu/",
    "website": "https://raysrestaurant.com/",
    "google_maps_url": "https://maps.google.com/?cid=12129155468727952931&g_mp=Cidnb29nbGUubWFwcy5wbGFjZXMudjEuUGxhY2VzLlNlYXJjaFRleHQQAhgEIAA",
    "price_level": 2,
    "rating": 4.5,
    "notes": "Menu text is truncated after the salads section, so the rest of the menu (including mains and the Happy Hour tab) was not visible. Calamari Fritti is clearly priced in the Appetizers & Shareables section.",
    "last_checked": "2026-10-03"
   }
  },
  {
   "type": "Feature",
   "geometry": {
    "type": "Point",
    "coordinates": [
     -123.146275,
     49.267814
    ]
   },
   "properties": {
    "id": "ChIJk9W3IbZzhlQR8MWHEdhggVU",
    "name": "Ajiya Sushi",
    "address": "1822 W 4th Ave, Vancouver, BC V6J 1M3, Canada",
    "price": 15.75,
    "dish": "Ika Sugata Yaki",
    "items": [
     {
      "dish_name": "Ika Sugata Yaki",
      "price": 15.75,
      "portion_note": "barbeque whole squid, Robata BBQ",
      "is_happy_hour": false
     }
    ],
    "confidence": "medium",
    "price_source": "menu",
    "source_url": "https://www.zomi.menu/shop/ajiyasushi/pick-up/menu",
    "website": "https://ajiyasushi.zomi.menu/",
    "google_maps_url": "https://maps.google.com/?cid=6161312246342862320&g_mp=Cidnb29nbGUubWFwcy5wbGFjZXMudjEuUGxhY2VzLlNlYXJjaFRleHQQAhgEIAA",
    "price_level": 1,
    "rating": 3.9,
    "notes": "The only squid-focused dish is Ika Sugata Yaki (barbecued whole squid), not fried calamari. The menu text is truncated in places, so other squid dishes could be missing. Ika nigiri ($3.25) and similar sushi pieces were excluded because they are not calamari dishes. The prices come from a pickup ordering platform and may differ from in-restaurant prices.",
    "last_checked": "2026-10-03"
   }
  },
  {
   "type": "Feature",
   "geometry": {
    "type": "Point",
    "coordinates": [
     -123.153582,
     49.263687
    ]
   },
   "properties": {
    "id": "ChIJkQD9vmxzhlQR3uGF1CX5N8s",
    "name": "Z&W Shanghai Kitchen",
    "address": "2126 W Broadway, Vancouver, BC V6K 2C8, Canada",
    "price": 15.75,
    "dish": "Ika Sugata Yaki",
    "items": [
     {
      "dish_name": "Ika Sugata Yaki",
      "price": 15.75,
      "portion_note": "barbecue whole squid",
      "is_happy_hour": false
     }
    ],
    "confidence": "low",
    "price_source": "menu",
    "source_url": "https://www.zomi.menu/shop/ajiyasushi/pick-up/menu",
    "website": "https://zwshanghai.zomi.menu/",
    "google_maps_url": "https://maps.google.com/?cid=14643446654293107166&g_mp=Cidnb29nbGUubWFwcy5wbGFjZXMudjEuUGxhY2VzLlNlYXJjaFRleHQQAhgEIAA",
    "price_level": 2,
    "rating": 3.9,
    "notes": "The source URL is for a different restaurant (ajiyasushi, a Japanese sushi menu), not Z&W Shanghai Kitchen, so the menu may belong to another business. The only squid main-ingredient dish is Ika Sugata Yaki (whole BBQ squid, Robata BBQ); it is not a typical fried calamari appetizer. Ika Nigiri Sushi ($3.25) is excluded as sushi. The menu text is also truncated.",
    "last_checked": "2026-10-03"
   }
  },
  {
   "type": "Feature",
   "geometry": {
    "type": "Point",
    "coordinates": [
     -123.134005,
     49.290172
    ]
   },
   "properties": {
    "id": "ChIJwy3kCYhxhlQRVNbXqCU6bo0",
    "name": "Guu with Garlic",
    "address": "1698 Robson St, Vancouver, BC V6G 1C7, Canada",
    "price": 15.8,
    "dish": "Calamari",
    "items": [
     {
      "dish_name": "Calamari",
      "price": 15.8,
      "portion_note": "Guu's original calamari, deep fried (Guu with Garlic dinner menu)",
      "is_happy_hour": false
     },
     {
      "dish_name": "Ika-Maru",
      "price": 16.8,
      "portion_note": "grilled squid w/ garlic mayo (Guu with Garlic dinner menu)",
      "is_happy_hour": false
     }
    ],
    "confidence": "medium",
    "price_source": "menu",
    "source_url": "https://guu-izakaya.com/wp-content/uploads/2026/09/GarlicDinnerMenu09162026.pdf",
    "website": "https://guu-izakaya.com/Garlic_QR",
    "google_maps_url": "https://maps.google.com/?cid=10191146940206929492&g_mp=Cidnb29nbGUubWFwcy5wbGFjZXMudjEuUGxhY2VzLlNlYXJjaFRleHQQAhgEIAA",
    "price_level": 2,
    "rating": 4.4,
    "notes": "Benchmark is the Calamari (deep-fried) from the Guu with Garlic dinner menu PDF; the menu text is a fragment (starts and ends mid-page). Ika-Maru (grilled squid) is also listed. Other PDFs in the sources are for other Guu locations (Toramasa, Davie, Otokomae Gastown) and were not used for items: they list Ikamaru at $16.4 (Toramasa) and Calamari Jalapeno Salsa at $16.8 (Otokomae), which are different restaurants. Okonomiyaki contains squid but is not a squid-main dish, so it was excluded.",
    "last_checked": "2026-10-03"
   }
  },
  {
   "type": "Feature",
   "geometry": {
    "type": "Point",
    "coordinates": [
     -123.053617,
     49.239631
    ]
   },
   "properties": {
    "id": "ChIJKYBXWwB3hlQRUKW3vGImKU8",
    "name": "Grand Fortune Seafood Restaurant",
    "address": "2532 Kingsway, Vancouver, BC V5R 5H2, Canada",
    "price": 15.9,
    "dish": "Salt & Pepper Squid Tentacles",
    "items": [
     {
      "dish_name": "Salt & Pepper Squid Tentacles",
      "price": 15.9,
      "portion_note": "dinner starter",
      "is_happy_hour": false
     }
    ],
    "confidence": "medium",
    "price_source": "menu",
    "source_url": "https://grandfortune.ca/",
    "website": "http://grandfortune.ca/",
    "google_maps_url": "https://maps.google.com/?cid=5704132608556246352&g_mp=Cidnb29nbGUubWFwcy5wbGFjZXMudjEuUGxhY2VzLlNlYXJjaFRleHQQAhgEIAA",
    "price_level": 2,
    "rating": 3.8,
    "notes": "Menu text is partial (cut off at the end and starts mid-item). Squid with Celery & Snow Peas ($22.80) is a stir-fry main with other ingredients and was not counted. Only the dinner starter is a calamari-style appetizer.",
    "last_checked": "2026-10-03"
   }
  },
  {
   "type": "Feature",
   "geometry": {
    "type": "Point",
    "coordinates": [
     -123.132598,
     49.289088
    ]
   },
   "properties": {
    "id": "ChIJzeJ6depxhlQRt87Gqm9SPj8",
    "name": "Dip N Drool Indian Restaurant",
    "address": "832 Cardero St, Vancouver, BC V6G 2G5, Canada",
    "price": 15.95,
    "dish": "Crispy Calamari",
    "items": [
     {
      "dish_name": "Crispy Calamari",
      "price": 15.95,
      "portion_note": "Beer-battered squid with lemon aioli",
      "is_happy_hour": false
     }
    ],
    "confidence": "high",
    "price_source": "menu",
    "source_url": "https://dipndrool.ca/menu",
    "website": "https://dipndrool.ca/",
    "google_maps_url": "https://maps.google.com/?cid=4557170512505523895&g_mp=Cidnb29nbGUubWFwcy5wbGFjZXMudjEuUGxhY2VzLlNlYXJjaFRleHQQAhgEIAA",
    "price_level": 2,
    "rating": 4.8,
    "notes": "Only one dedicated calamari dish. Seafood medleys with squid among other ingredients were excluded. Menu text was partially truncated, but the appetizer listing is complete for this item.",
    "last_checked": "2026-10-03"
   }
  },
  {
   "type": "Feature",
   "geometry": {
    "type": "Point",
    "coordinates": [
     -123.121891,
     49.274906
    ]
   },
   "properties": {
    "id": "ChIJN4qi39ZzhlQRlzqSDb047TY",
    "name": "Sushi Maro Japanese Restaurant",
    "address": "1168 Mainland St #101, Vancouver, BC V6B 2S2, Canada",
    "price": 15.99,
    "dish": "Ika Yaki",
    "items": [
     {
      "dish_name": "Ika Yaki",
      "price": 15.99,
      "portion_note": "grilled squid with teriyaki sauce and garlic mayo; Robata BBQ",
      "is_happy_hour": false
     }
    ],
    "confidence": "medium",
    "price_source": "menu",
    "source_url": "https://sushi-maro-japanese-restaurant.menujoys.com/menu",
    "website": "https://sushimarojapaneserestaurant.shop/",
    "google_maps_url": "https://maps.google.com/?cid=3957882032156195479&g_mp=Cidnb29nbGUubWFwcy5wbGFjZXMudjEuUGxhY2VzLlNlYXJjaFRleHQQAhgEIAA",
    "price_level": 2,
    "rating": 4,
    "notes": "Only calamari/squid dish found is grilled squid (Ika Yaki) in the Robata BBQ section, not fried calamari. Menu text from a third-party aggregator and appears partial (truncated), so it may be incomplete or outdated.",
    "last_checked": "2026-10-03"
   }
  },
  {
   "type": "Feature",
   "geometry": {
    "type": "Point",
    "coordinates": [
     -123.069967,
     49.266089
    ]
   },
   "properties": {
    "id": "ChIJ7cyqJUZxhlQRnU84VhwKiHQ",
    "name": "Apollo's (Daybreakers) Restaurant | Brunch Vancouver",
    "address": "2095 Commercial Dr, Vancouver, BC V5N 4B1, Canada",
    "price": 16.0,
    "dish": "Calamari Grilled / Fried",
    "items": [
     {
      "dish_name": "Calamari Grilled / Fried",
      "price": 16.0,
      "portion_note": "dinner starter, served with tzatziki & lemon",
      "is_happy_hour": false
     },
     {
      "dish_name": "Fried Calamari",
      "price": 14.0,
      "portion_note": "happy hour",
      "is_happy_hour": true
     }
    ],
    "confidence": "high",
    "price_source": "menu",
    "source_url": "https://apollosrestaurant.com/menu/dinner/",
    "website": "https://apollosrestaurant.com/",
    "google_maps_url": "https://maps.google.com/?cid=8396972622054182813&g_mp=Cidnb29nbGUubWFwcy5wbGFjZXMudjEuUGxhY2VzLlNlYXJjaFRleHQQAhgEIAA",
    "price_level": 2,
    "rating": 4.3,
    "notes": "Regular dinner menu lists Calamari Grilled / Fried at $16. Home page happy hour list shows Fried Calamari at $14 (the happy hour label is inferred from the Wine & Beer/Food/Drinks deal layout, with the item prices not clearly paired to dishes). Dinner menu text is truncated after the salads, but the starters section is complete.",
    "last_checked": "2026-10-03"
   }
  },
  {
   "type": "Feature",
   "geometry": {
    "type": "Point",
    "coordinates": [
     -123.032676,
     49.237736
    ]
   },
   "properties": {
    "id": "ChIJgU0ndpR2hlQRnROSZ_q1ops",
    "name": "Kumare Express",
    "address": "5183 Joyce St, Vancouver, BC V5R 4G8, Canada",
    "price": 16.0,
    "dish": "Calamares",
    "items": [
     {
      "dish_name": "Calamares",
      "price": 16.0,
      "portion_note": "appetizer",
      "is_happy_hour": false
     },
     {
      "dish_name": "Inihaw na Pusit",
      "price": 25.0,
      "portion_note": "jumbo sized marinated grilled squid",
      "is_happy_hour": false
     },
     {
      "dish_name": "Adobong Pusit",
      "price": 21.0,
      "portion_note": "baby squid in tomato, onion, garlic, and jalapeño",
      "is_happy_hour": false
     }
    ],
    "confidence": "medium",
    "price_source": "menu",
    "source_url": "https://www.kumare.ca/menu",
    "website": "https://kumare.ca/",
    "google_maps_url": "https://maps.google.com/?cid=11214726109190034333&g_mp=Cidnb29nbGUubWFwcy5wbGFjZXMudjEuUGxhY2VzLlNlYXJjaFRleHQQAhgEIAA",
    "price_level": 1,
    "rating": 3.8,
    "notes": "Calamares appetizer has no description, but it is listed under Appetizers at $16.00. Menu text is truncated in places, so some items may be missing.",
    "last_checked": "2026-10-03"
   }
  },
  {
   "type": "Feature",
   "geometry": {
    "type": "Point",
    "coordinates": [
     -123.129986,
     49.290537
    ]
   },
   "properties": {
    "id": "ChIJnQawNoZxhlQRLqL59RyTo7U",
    "name": "The Sequel - Kitchen & Bar",
    "address": "1575 W Georgia St, Vancouver, BC V6G 2T1, Canada",
    "price": 16.0,
    "dish": "Calamari Gaga",
    "items": [
     {
      "dish_name": "Calamari Gaga",
      "price": 16.0,
      "portion_note": "Day menu social plate; fresh sliced squid, flour-dusted and fried, with cucumber dip",
      "is_happy_hour": false
     },
     {
      "dish_name": "Calamari Gaga",
      "price": 16.0,
      "portion_note": "Happy Hour menu listing; sliced squid with lemon, radish and mild dill sour cream",
      "is_happy_hour": true
     }
    ],
    "confidence": "high",
    "price_source": "menu",
    "source_url": "https://thesequel.ca/our-menus/day-menu/",
    "website": "https://thesequel.ca/",
    "google_maps_url": "https://maps.google.com/?cid=13088466694663938606&g_mp=Cidnb29nbGUubWFwcy5wbGFjZXMudjEuUGxhY2VzLlNlYXJjaFRleHQQAhgEIAA",
    "price_level": 2,
    "rating": 4.7,
    "notes": "Day menu price of $16 is for a social plate. The happy hour menu lists the same dish at the same price, so no discount was visible there. The scraped text is partial, as the start of the day menu is cut off and the happy hour page is truncated at desserts. The dinner menu was not provided.",
    "last_checked": "2026-10-03"
   }
  },
  {
   "type": "Feature",
   "geometry": {
    "type": "Point",
    "coordinates": [
     -123.10093,
     49.25617
    ]
   },
   "properties": {
    "id": "ChIJxRSsqORzhlQRcNrJucWsHfk",
    "name": "El Camino's",
    "address": "3250 Main St, Vancouver, BC V5V 3M6, Canada",
    "price": 16.0,
    "dish": "Calamares Fritos",
    "items": [
     {
      "dish_name": "Calamares Fritos",
      "price": 16.0,
      "portion_note": "regular menu; fried humboldt squid, aji dip, salsa criolla",
      "is_happy_hour": false
     },
     {
      "dish_name": "Calamares Fritos",
      "price": 14.0,
      "portion_note": "happy hour",
      "is_happy_hour": true
     },
     {
      "dish_name": "Calamares Fritos",
      "price": 16.0,
      "portion_note": "late night menu",
      "is_happy_hour": false
     }
    ],
    "confidence": "high",
    "price_source": "menu",
    "source_url": "https://www.elcaminos.ca/food",
    "website": "http://www.elcaminos.ca/",
    "google_maps_url": "https://maps.google.com/?cid=17950693654994213488&g_mp=Cidnb29nbGUubWFwcy5wbGFjZXMudjEuUGxhY2VzLlNlYXJjaFRleHQQAhgEIAA",
    "price_level": 2,
    "rating": 4.3,
    "notes": "Regular and late-night menus both list Calamares Fritos at $16; happy hour price is $14 (dine-in only, excluded from benchmark).",
    "last_checked": "2026-10-03"
   }
  },
  {
   "type": "Feature",
   "geometry": {
    "type": "Point",
    "coordinates": [
     -123.1186,
     49.281079
    ]
   },
   "properties": {
    "id": "ChIJ2dJtFdhxhlQRmhVCOdPtGrQ",
    "name": "Guu Toramasa",
    "address": "757 Seymour St, Vancouver, BC V6B 0R9, Canada",
    "price": 16.4,
    "dish": "Ikamaru (grilled whole squid w/ garlic mayo)",
    "items": [
     {
      "dish_name": "Ikamaru (grilled whole squid w/ garlic mayo)",
      "price": 16.4,
      "portion_note": "Guu Toramasa menu, seafood section",
      "is_happy_hour": false
     },
     {
      "dish_name": "Calamari Jalapeño Salsa Verde",
      "price": 16.8,
      "portion_note": "Guu with Otokomae (Gastown) menu, deep fried squid",
      "is_happy_hour": false
     },
     {
      "dish_name": "Ikamaru Grilled Squid",
      "price": 16.8,
      "portion_note": "Guu with Otokomae (Gastown) menu, grill section",
      "is_happy_hour": false
     }
    ],
    "confidence": "medium",
    "price_source": "menu",
    "source_url": "https://guu-izakaya.com/wp-content/uploads/2026/09/ToramasaMenu09042026.pdf",
    "website": "https://guu-izakaya.com/Toramasa_QR",
    "google_maps_url": "https://maps.google.com/?cid=12977946767676020122&g_mp=Cidnb29nbGUubWFwcy5wbGFjZXMudjEuUGxhY2VzLlNlYXJjaFRleHQQAhgEIAA",
    "price_level": 2,
    "rating": 4.4,
    "notes": "Toramasa menu (the 757 Seymour location) only lists Ikamaru (grilled whole squid) at 16.4; no fried calamari appears, though the scraped menu is a fragment. The 16.8 calamari and ikamaru items come from the Gastown Guu with Otokomae menu, a different location, and are listed for reference only. Okonomiyaki with squid on the Davie menu is excluded because squid is not the main ingredient.",
    "last_checked": "2026-10-03"
   }
  },
  {
   "type": "Feature",
   "geometry": {
    "type": "Point",
    "coordinates": [
     -123.110398,
     49.284719
    ]
   },
   "properties": {
    "id": "ChIJP0wBP3hxhlQR5bMiXWGm6Zs",
    "name": "Guu with Otokomae",
    "address": "375 Water St #105, Vancouver, BC V6B 5C6, Canada",
    "price": 16.8,
    "dish": "Calamari Jalapeño Salsa Verde",
    "items": [
     {
      "dish_name": "Calamari Jalapeño Salsa Verde",
      "price": 16.8,
      "portion_note": "deep fried squid tossed in house-made jalapeño salsa; appetizer",
      "is_happy_hour": false
     },
     {
      "dish_name": "Ikamaru Grilled Squid",
      "price": 16.8,
      "portion_note": "grilled marinated squid; main/grill section",
      "is_happy_hour": false
     }
    ],
    "confidence": "high",
    "price_source": "menu",
    "source_url": "https://guu-izakaya.com/wp-content/uploads/2026/09/Web%E7%94%A8%E3%83%A1%E3%83%8B%E3%83%A5%E3%83%BC.pdf",
    "website": "https://guu-izakaya.com/Otokomae_QR",
    "google_maps_url": "https://maps.google.com/?cid=11234693682557006821&g_mp=Cidnb29nbGUubWFwcy5wbGFjZXMudjEuUGxhY2VzLlNlYXJjaFRleHQQAhgEIAA",
    "price_level": 2,
    "rating": 4.2,
    "notes": "Price taken from the Guu with Otokomae menu (Calamari Jalapeño Salsa Verde, $16.8). It appears in both the lunch and main menus at the same price. The Ikamaru grilled squid is also $16.8 on this menu. The Toramasa and Davie menus in the sources belong to other Guu locations and were not used. The menu text is a scraped fragment.",
    "last_checked": "2026-10-03"
   }
  },
  {
   "type": "Feature",
   "geometry": {
    "type": "Point",
    "coordinates": [
     -123.131643,
     49.280543
    ]
   },
   "properties": {
    "id": "ChIJFVDAWityhlQRuAsjZIPzdhE",
    "name": "Takis' Taverna Greek Restaurant",
    "address": "1106 Davie St, Vancouver, BC V6E 1N1, Canada",
    "price": 16.95,
    "dish": "Calamaraki Api",
    "items": [
     {
      "dish_name": "Calamaraki Api",
      "price": 16.95,
      "portion_note": "hot mezethes appetizer; deep-fried or grilled whole squid",
      "is_happy_hour": false
     },
     {
      "dish_name": "Calamari Dinner",
      "price": 26.5,
      "portion_note": "main dinner with rice, potatoes, salad; deep-fried or grilled",
      "is_happy_hour": false
     }
    ],
    "confidence": "high",
    "price_source": "menu",
    "source_url": "https://www.zomi.menu/shop/takistaverna/pick-up/menu",
    "website": "https://takistaverna.zomi.menu/",
    "google_maps_url": "https://maps.google.com/?cid=1258460891542916024&g_mp=Cidnb29nbGUubWFwcy5wbGFjZXMudjEuUGxhY2VzLlNlYXJjaFRleHQQAhgEIAA",
    "price_level": 2,
    "rating": 4.1,
    "notes": "Benchmark is Calamaraki Api from Hot Mezethes appetizers. Calamari Dinner is a full main. Calamaraki also appears in the Hot Mezethes and Seafood platters, which are multi-item and not counted. Menu is from a third-party ordering site (ZOMI) and shows in-store prices; part of the Entrees section was truncated.",
    "last_checked": "2026-10-03"
   }
  },
  {
   "type": "Feature",
   "geometry": {
    "type": "Point",
    "coordinates": [
     -123.187095,
     49.26337
    ]
   },
   "properties": {
    "id": "ChIJISKNEhFzhlQROuPTDZB9SGU",
    "name": "Sushi Inn Japanese Restaurant",
    "address": "3770 W 10th Ave, Vancouver, BC V6P 2G4, Canada",
    "price": 16.95,
    "dish": "BBQ Squid",
    "items": [
     {
      "dish_name": "BBQ Squid",
      "price": 16.95,
      "portion_note": "Japanese BBQ section",
      "is_happy_hour": false
     }
    ],
    "confidence": "medium",
    "price_source": "menu",
    "source_url": "https://www.sushiinnvancouver.ca/menu",
    "website": "https://sushiinnvancouver.ca/",
    "google_maps_url": "https://maps.google.com/?cid=7298221253814641466&g_mp=Cidnb29nbGUubWFwcy5wbGFjZXMudjEuUGxhY2VzLlNlYXJjaFRleHQQAhgEIAA",
    "price_level": 2,
    "rating": 4.1,
    "notes": "Only one squid dish found: grilled BBQ Squid (鱿鱼) under Japanese BBQ, not fried calamari. Ika & Ikura Don contains squid with salmon roe, so it was not counted. Menu appears to be a partial scrape (no appetizer or sushi sections), so there may be other squid dishes such as fried calamari.",
    "last_checked": "2026-10-03"
   }
  },
  {
   "type": "Feature",
   "geometry": {
    "type": "Point",
    "coordinates": [
     -123.053114,
     49.239358
    ]
   },
   "properties": {
    "id": "ChIJd4E0_6J2hlQR73I7GN7YJVU",
    "name": "Come Along Chinese Seafood Restaurant",
    "address": "2550 Kingsway, Vancouver, BC V5R 5H2, Canada",
    "price": 16.95,
    "dish": "75.Deep Fried Squid with Peppery Salt",
    "items": [
     {
      "dish_name": "75.Deep Fried Squid with Peppery Salt",
      "price": 16.95,
      "portion_note": null,
      "is_happy_hour": false
     }
    ],
    "confidence": "medium",
    "price_source": "menu",
    "source_url": "https://www.zomi.menu/shop/comealongchineseseafood/pick-up/menu",
    "website": "https://comealongchineseseafood.zomi.menu/",
    "google_maps_url": "https://maps.google.com/?cid=6135548515763057391&g_mp=Cidnb29nbGUubWFwcy5wbGFjZXMudjEuUGxhY2VzLlNlYXJjaFRleHQQAhgEIAA",
    "price_level": 2,
    "rating": 3.9,
    "notes": "The popular-dishes list shows \"21.Deep Fried Spicy Salted & Squid\", but its price is not in the scraped text, so it is not listed. The price shown with item 75 is the one on the menu page, where the price follows the dish name. The menu text is a partial fragment and the item numbering is inconsistent (75 vs 21), so there may be other squid dishes or prices that were not captured. This is an online-ordering menu and may differ from the in-restaurant menu.",
    "last_checked": "2026-10-03"
   }
  },
  {
   "type": "Feature",
   "geometry": {
    "type": "Point",
    "coordinates": [
     -123.108897,
     49.263283
    ]
   },
   "properties": {
    "id": "ChIJdb16YOdzhlQRdTEn_JE_BVA",
    "name": "Cilantro Indian Cuisine",
    "address": "189 W Broadway, Vancouver, BC V5Y 1P4, Canada",
    "price": 16.99,
    "dish": "Crispy Fried Calamari",
    "items": [
     {
      "dish_name": "Crispy Fried Calamari",
      "price": 16.99,
      "portion_note": "chickpea battered, deep fried",
      "is_happy_hour": false
     }
    ],
    "confidence": "high",
    "price_source": "menu",
    "source_url": "https://cilantrovancouver.com/menu/",
    "website": "https://cilantrovancouver.com/",
    "google_maps_url": "https://maps.google.com/?cid=5766084794151022965&g_mp=Cidnb29nbGUubWFwcy5wbGFjZXMudjEuUGxhY2VzLlNlYXJjaFRleHQQAhgEIAA",
    "price_level": 2,
    "rating": 4.6,
    "notes": "Sea Food Platter (calamari, fish and prawn pakora, $20.99) excluded because squid is only one of several ingredients. The scraped menu text is cut off at the end, but the appetizer section looks complete.",
    "last_checked": "2026-10-03"
   }
  },
  {
   "type": "Feature",
   "geometry": {
    "type": "Point",
    "coordinates": [
     -123.13,
     49.263333
    ]
   },
   "properties": {
    "id": "ChIJ0X9FAJxzhlQRYVVDN4XOvaI",
    "name": "Tamarind Tales",
    "address": "1128 W Broadway #201, Vancouver, BC V6H 1G5, Canada",
    "price": 17.0,
    "dish": "Crispy Calamari",
    "items": [
     {
      "dish_name": "Crispy Calamari",
      "price": 17.0,
      "portion_note": "appetizer",
      "is_happy_hour": false
     }
    ],
    "confidence": "high",
    "price_source": "menu",
    "source_url": "https://tamarindtales.ca/menu/",
    "website": "https://www.tamarindtales.ca/",
    "google_maps_url": "https://maps.google.com/?cid=11726756076295771489&g_mp=Cidnb29nbGUubWFwcy5wbGFjZXMudjEuUGxhY2VzLlNlYXJjaFRleHQQAhgEIAA",
    "price_level": 2,
    "rating": 4.9,
    "notes": "Single calamari dish listed under Appetizers with a clear price. Menu text was a fragment but the calamari entry is unambiguous.",
    "last_checked": "2026-10-03"
   }
  },
  {
   "type": "Feature",
   "geometry": {
    "type": "Point",
    "coordinates": [
     -123.14496,
     49.265235
    ]
   },
   "properties": {
    "id": "ChIJ5QI067dzhlQRknY0UWMtaNo",
    "name": "Delhi-6 Indian Bistro",
    "address": "1766 W 7th Ave, Vancouver, BC V6J 4T3, Canada",
    "price": 17.0,
    "dish": "Kalamari",
    "items": [
     {
      "dish_name": "Kalamari",
      "price": 17.0,
      "portion_note": "Maharashtra style flour battered squid salad with cucumber, coconut, peanuts, served with raita dip",
      "is_happy_hour": false
     }
    ],
    "confidence": "medium",
    "price_source": "menu",
    "source_url": "https://delhi6.ca/our-menu/appetizers/",
    "website": "http://delhi6.ca/",
    "google_maps_url": "https://maps.google.com/?cid=15737878802433603218&g_mp=Cidnb29nbGUubWFwcy5wbGFjZXMudjEuUGxhY2VzLlNlYXJjaFRleHQQAhgEIAA",
    "price_level": 2,
    "rating": 4.5,
    "notes": "The only squid dish is listed under Salads, not appetizers. It is a flour-battered squid salad rather than a plain fried calamari appetizer. The menu text is a fragment and may be outdated.",
    "last_checked": "2026-10-03"
   }
  },
  {
   "type": "Feature",
   "geometry": {
    "type": "Point",
    "coordinates": [
     -123.120758,
     49.275239
    ]
   },
   "properties": {
    "id": "ChIJ9xLK-dZzhlQRIghtObN7n-A",
    "name": "Minami",
    "address": "1118 Mainland St, Vancouver, BC V6B 5L1, Canada",
    "price": 17.0,
    "dish": "Kombu Squid Katsu",
    "items": [
     {
      "dish_name": "Kombu Squid Katsu",
      "price": 17.0,
      "portion_note": "dinner sea appetizer; Humboldt squid, panko, yuzu aioli",
      "is_happy_hour": false
     }
    ],
    "confidence": "medium",
    "price_source": "menu",
    "source_url": "https://static1.squarespace.com/static/6645475dc7e9ad16be5320a4/t/69f91c1cf3b33e63be065102/1777933340599/MinamiVan-Dinner-WEB-MAY2026-V3.pdf",
    "website": "http://minamirestaurant.com/",
    "google_maps_url": "https://maps.google.com/?cid=16185791595485661218&g_mp=Cidnb29nbGUubWFwcy5wbGFjZXMudjEuUGxhY2VzLlNlYXJjaFRleHQQAhgEIAA",
    "price_level": null,
    "rating": 4.5,
    "notes": "Only Kombu Squid Katsu counts as a squid-focused dish. Kaisen Soba Peperoncino has squid among several ingredients and was excluded. The dinner menu text is fragmentary; the price of 17 appears before the dish description in the scraped text, so the match is likely but not certain. The lunch and happy hour menus list no squid-focused dish.",
    "last_checked": "2026-10-03"
   }
  },
  {
   "type": "Feature",
   "geometry": {
    "type": "Point",
    "coordinates": [
     -123.14547,
     49.26662
    ]
   },
   "properties": {
    "id": "ChIJGUqN0rdzhlQRKgnl-CofZDk",
    "name": "Novo Italian",
    "address": "2118 Burrard St, Vancouver, BC V6J 3H6, Canada",
    "price": 17.0,
    "dish": "Calamari Fritti",
    "items": [
     {
      "dish_name": "Calamari Fritti",
      "price": 17.0,
      "portion_note": "regular menu antipasti",
      "is_happy_hour": false
     },
     {
      "dish_name": "Calamari Fritti",
      "price": 14.0,
      "portion_note": "happy hour, 2-5 PM daily, dine-in only",
      "is_happy_hour": true
     }
    ],
    "confidence": "high",
    "price_source": "menu",
    "source_url": "https://www.novoitalian.com/menu",
    "website": "http://www.novoitalian.com/",
    "google_maps_url": "https://maps.google.com/?cid=4135464627257805098&g_mp=Cidnb29nbGUubWFwcy5wbGFjZXMudjEuUGxhY2VzLlNlYXJjaFRleHQQAhgEIAA",
    "price_level": 2,
    "rating": 4.3,
    "notes": "Regular menu calamari fritti is $17 (fried squid marinated in buttermilk and pepperoncini with tartar sauce). Happy hour price of $14 listed separately and not used as benchmark.",
    "last_checked": "2026-10-03"
   }
  },
  {
   "type": "Feature",
   "geometry": {
    "type": "Point",
    "coordinates": [
     -123.138417,
     49.289369
    ]
   },
   "properties": {
    "id": "ChIJJe0U0SdyhlQRH0BPwVr4JoA",
    "name": "Olympia Pizza",
    "address": "998 Denman St, Vancouver, BC V6G 2M1, Canada",
    "price": 17.0,
    "dish": "Kalamari",
    "items": [
     {
      "dish_name": "Kalamari",
      "price": 17.0,
      "portion_note": "appetizer, deep fried squid",
      "is_happy_hour": false
     },
     {
      "dish_name": "Kalamari Dinner",
      "price": 25.0,
      "portion_note": "main, served with rice, roast potatoes, Greek salad, tzatziki, lemon & pita",
      "is_happy_hour": false
     }
    ],
    "confidence": "high",
    "price_source": "menu",
    "source_url": "http://www.olympiapizza.com/Menu.html",
    "website": "http://www.olympiapizza.com/",
    "google_maps_url": "https://maps.google.com/?cid=9234341154643722271&g_mp=Cidnb29nbGUubWFwcy5wbGFjZXMudjEuUGxhY2VzLlNlYXJjaFRleHQQAhgEIAA",
    "price_level": 2,
    "rating": 4.1,
    "notes": "Menu text is scraped and prices are listed after the descriptions. The appetizer Kalamari is $17 and the Kalamari Dinner is $25. The benchmark uses the appetizer.",
    "last_checked": "2026-10-03"
   }
  },
  {
   "type": "Feature",
   "geometry": {
    "type": "Point",
    "coordinates": [
     -123.053269,
     49.280989
    ]
   },
   "properties": {
    "id": "ChIJUT_mHiJxhlQRB4cRr9PxQ6s",
    "name": "Laksa King",
    "address": "2546 E Hastings St, Vancouver, BC V5K 1Z3, Canada",
    "price": 17.5,
    "dish": "Spicy Squid",
    "items": [
     {
      "dish_name": "Spicy Squid",
      "price": 17.5,
      "portion_note": "appetizer; blanched squid salad with spicy lime vinaigrette",
      "is_happy_hour": false
     }
    ],
    "confidence": "medium",
    "price_source": "menu",
    "source_url": "https://www.zomi.menu/shop/laksaking/pick-up/menu",
    "website": "https://laksaking.zomi.menu/",
    "google_maps_url": "https://maps.google.com/?cid=12340973295402845959&g_mp=Cidnb29nbGUubWFwcy5wbGFjZXMudjEuUGxhY2VzLlNlYXJjaFRleHQQAhgEIAA",
    "price_level": 2,
    "rating": 4.4,
    "notes": "Only squid dish found is Spicy Squid, a blanched squid salad appetizer rather than fried calamari. Menu text is a partial fragment from an online ordering page, so other squid dishes may exist.",
    "last_checked": "2026-10-03"
   }
  },
  {
   "type": "Feature",
   "geometry": {
    "type": "Point",
    "coordinates": [
     -123.042719,
     49.205956
    ]
   },
   "properties": {
    "id": "ChIJ22DwCtB1hlQRoXPBveSy7mo",
    "name": "Romer's Burger Bar",
    "address": "8683 Kerr St, Vancouver, BC V5S 0A4, Canada",
    "price": 17.95,
    "dish": "Calamari To Share",
    "items": [
     {
      "dish_name": "Calamari To Share",
      "price": 17.95,
      "portion_note": "to share",
      "is_happy_hour": false
     }
    ],
    "confidence": "medium",
    "price_source": "menu",
    "source_url": "https://romersburgerbar.com/menus/food/",
    "website": "http://www.romersburgerbar.com/",
    "google_maps_url": "https://maps.google.com/?cid=7705292707983356833&g_mp=Cidnb29nbGUubWFwcy5wbGFjZXMudjEuUGxhY2VzLlNlYXJjaFRleHQQAhgEIAA",
    "price_level": 2,
    "rating": 3.9,
    "notes": "The menu lists River District, Lynn Valley, and YVR Airport locations, and prices may differ by location. The scraped text doesn't say which location this menu is for. The menu text appears partial, as it cuts off in the salads section.",
    "last_checked": "2026-10-03"
   }
  },
  {
   "type": "Feature",
   "geometry": {
    "type": "Point",
    "coordinates": [
     -123.065149,
     49.23795
    ]
   },
   "properties": {
    "id": "ChIJ-zuJFbd3hlQR0qzhKqQOmp0",
    "name": "VIET MAMA RESTAURANT",
    "address": "5118 Victoria Dr, Vancouver, BC V5P 3V2, Canada",
    "price": 18.0,
    "dish": "A6. Crispy Fried Squid Tentacles-Râu Mực Chiên",
    "items": [
     {
      "dish_name": "A6. Crispy Fried Squid Tentacles-Râu Mực Chiên",
      "price": 18.0,
      "portion_note": null,
      "is_happy_hour": false
     }
    ],
    "confidence": "medium",
    "price_source": "menu",
    "source_url": "https://www.zomi.menu/shop/vietmamacafe/pick-up/menu",
    "website": "https://vietmamacafe.zomi.menu/",
    "google_maps_url": "https://maps.google.com/?cid=11356405508624985298&g_mp=Cidnb29nbGUubWFwcy5wbGFjZXMudjEuUGxhY2VzLlNlYXJjaFRleHQQAhgEIAA",
    "price_level": 1,
    "rating": 4.3,
    "notes": "Menu text is truncated, so other squid dishes may exist (e.g. in vermicelli or special menu sections). Price is from the ZOMI pickup menu and may differ from in-store prices.",
    "last_checked": "2026-10-03"
   }
  },
  {
   "type": "Feature",
   "geometry": {
    "type": "Point",
    "coordinates": [
     -123.069365,
     49.270308
    ]
   },
   "properties": {
    "id": "ChIJARfKW7txhlQRgm1BxguLamU",
    "name": "Loula's",
    "address": "1608 Commercial Dr, Vancouver, BC V5L 3Y4, Canada",
    "price": 18.0,
    "dish": "Kalamari",
    "items": [
     {
      "dish_name": "Kalamari",
      "price": 18.0,
      "portion_note": "dinner menu: crispy squid, red onion, tzatziki",
      "is_happy_hour": false
     },
     {
      "dish_name": "Kalamari",
      "price": 12.0,
      "portion_note": "happy hour (open until 6pm)",
      "is_happy_hour": true
     },
     {
      "dish_name": "Kalamari",
      "price": 18.0,
      "portion_note": "After Dark / late night menu",
      "is_happy_hour": false
     },
     {
      "dish_name": "KALAMARI",
      "price": 19.0,
      "portion_note": "alternate menu version: crispy squid, red onions, tzatziki",
      "is_happy_hour": false
     }
    ],
    "confidence": "medium",
    "price_source": "menu",
    "source_url": "https://loulastaverna.com/menu/",
    "website": "http://loulastaverna.com/",
    "google_maps_url": "https://maps.google.com/?cid=7307806228049128834&g_mp=Cidnb29nbGUubWFwcy5wbGFjZXMudjEuUGxhY2VzLlNlYXJjaFRleHQQAhgEIAA",
    "price_level": 2,
    "rating": 4,
    "notes": "Scraped page contains conflicting menu versions: the main dinner menu lists Kalamari at 18, while a separate menu section lists it at 19 (also dips at 12 vs 15 on the dinner menu), suggesting one is outdated. Used the primary Dinner menu price of 18. Happy hour price is 12.",
    "last_checked": "2026-10-03"
   }
  },
  {
   "type": "Feature",
   "geometry": {
    "type": "Point",
    "coordinates": [
     -123.07612,
     49.232969
    ]
   },
   "properties": {
    "id": "ChIJZ-8esBl0hlQRFPLJisQ2ruc",
    "name": "East Side Craft House",
    "address": "1445 E 41st Ave, Vancouver, BC V5P 1J8, Canada",
    "price": 18.0,
    "dish": "Calamari",
    "items": [
     {
      "dish_name": "Calamari",
      "price": 18.0,
      "portion_note": "Peri Peri aioli, fire dusted rings, crispy jalapeno",
      "is_happy_hour": false
     }
    ],
    "confidence": "medium",
    "price_source": "menu",
    "source_url": "https://eastsidecrafthouse.com/menu-1",
    "website": "https://eastsidecrafthouse.com/",
    "google_maps_url": "https://maps.google.com/?cid=16694341086478987796&g_mp=Cidnb29nbGUubWFwcy5wbGFjZXMudjEuUGxhY2VzLlNlYXJjaFRleHQQAhgEIAA",
    "price_level": 2,
    "rating": 4.3,
    "notes": "Menu text is truncated after the appetizers section, so other calamari items or sizes may exist. Happy hour menu was not included in the scraped text.",
    "last_checked": "2026-10-03"
   }
  },
  {
   "type": "Feature",
   "geometry": {
    "type": "Point",
    "coordinates": [
     -123.154844,
     49.271314
    ]
   },
   "properties": {
    "id": "ChIJdT_h59RzhlQRXn_9XUN9IRg",
    "name": "The King's Head Public House",
    "address": "1618 Yew St, Vancouver, BC V6K 3E7, Canada",
    "price": 18.0,
    "dish": "Fried Calamari",
    "items": [
     {
      "dish_name": "Fried Calamari",
      "price": 18.0,
      "portion_note": null,
      "is_happy_hour": false
     }
    ],
    "confidence": "medium",
    "price_source": "menu",
    "source_url": "https://thekingsheadkits.com/wp-content/uploads/2024/07/KINGSHEAD-MENU-2024.pdf",
    "website": "https://thekingsheadkits.com/",
    "google_maps_url": "https://maps.google.com/?cid=1738808659434897246&g_mp=Cidnb29nbGUubWFwcy5wbGFjZXMudjEuUGxhY2VzLlNlYXJjaFRleHQQAhgEIAA",
    "price_level": 2,
    "rating": 4,
    "notes": "Menu PDF is from 2024 and the text is truncated after the burgers section, so prices may be outdated. The calamari price is clearly printed in the Starters section.",
    "last_checked": "2026-10-03"
   }
  },
  {
   "type": "Feature",
   "geometry": {
    "type": "Point",
    "coordinates": [
     -123.122732,
     49.274718
    ]
   },
   "properties": {
    "id": "ChIJf19vi-tzhlQRQ4fkeaIDiLc",
    "name": "Capo & The Spritz",
    "address": "350 Davie St, Vancouver, BC V6B 1R2, Canada",
    "price": 18.0,
    "dish": "Calamari",
    "items": [
     {
      "dish_name": "Calamari",
      "price": 18.0,
      "portion_note": "antipasti to share; buttermilk fried, lemon, pepperoncino",
      "is_happy_hour": false
     },
     {
      "dish_name": "Calamari",
      "price": 15.0,
      "portion_note": "happy hour snack; crisp Humboldt squid",
      "is_happy_hour": true
     }
    ],
    "confidence": "medium",
    "price_source": "menu",
    "source_url": "https://www.capoandspritz.com/capo-menus",
    "website": "https://www.capoandspritz.com/",
    "google_maps_url": "https://maps.google.com/?cid=13224824302138066755&g_mp=Cidnb29nbGUubWFwcy5wbGFjZXMudjEuUGxhY2VzLlNlYXJjaFRleHQQAhgEIAA",
    "price_level": 2,
    "rating": 4.3,
    "notes": "Regular dinner and lunch menus list Calamari at $18. The happy hour price is $15 on the website, but the happy hour PDF appears to show 16 for calamari and the text is jumbled, so the happy hour price may be inconsistent. The PDF lunch menu lists some other items at slightly different prices.",
    "last_checked": "2026-10-03"
   }
  },
  {
   "type": "Feature",
   "geometry": {
    "type": "Point",
    "coordinates": [
     -123.121994,
     49.275023
    ]
   },
   "properties": {
    "id": "ChIJR-oj79ZzhlQRPxQ0DJ-fZRI",
    "name": "The Flying Pig Yaletown",
    "address": "1168 Hamilton St, Vancouver, BC V6B 2S2, Canada",
    "price": 18.75,
    "dish": "SALT + PEPPER “HUMBOLDT’ SQUID",
    "items": [
     {
      "dish_name": "SALT + PEPPER “HUMBOLDT’ SQUID",
      "price": 18.75,
      "portion_note": null,
      "is_happy_hour": false
     }
    ],
    "confidence": "high",
    "price_source": "menu",
    "source_url": "https://theflyingpigvan.com/menu/",
    "website": "http://theflyingpigvan.com/",
    "google_maps_url": "https://maps.google.com/?cid=1325641170783835199&g_mp=Cidnb29nbGUubWFwcy5wbGFjZXMudjEuUGxhY2VzLlNlYXJjaFRleHQQAhgEIAA",
    "price_level": 2,
    "rating": 4.3,
    "notes": "Price printed as \"18 3/4\", interpreted as $18.75. The menu text is truncated after the steaks, but the all-day appetizer section is complete. Happy hour menu not shown.",
    "last_checked": "2026-10-03"
   }
  },
  {
   "type": "Feature",
   "geometry": {
    "type": "Point",
    "coordinates": [
     -123.101166,
     49.242047
    ]
   },
   "properties": {
    "id": "ChIJ1YnJiAl0hlQRs1kIV8dTc-Q",
    "name": "Haiyi Seafood Restaurant",
    "address": "4818 Main St, Vancouver, BC V5V 3R8, Canada",
    "price": 18.8,
    "dish": "Deep-fried Salt and Pepper Squid",
    "items": [
     {
      "dish_name": "Deep-fried Salt and Pepper Squid",
      "price": 18.8,
      "portion_note": null,
      "is_happy_hour": false
     }
    ],
    "confidence": "medium",
    "price_source": "menu",
    "source_url": "https://www.zomi.menu/shop/haiyiseafoodrestaurant/pick-up/menu",
    "website": "https://haiyiseafoodrestaurant.zomi.menu/",
    "google_maps_url": "https://maps.google.com/?cid=16461593178593057203&g_mp=Cidnb29nbGUubWFwcy5wbGFjZXMudjEuUGxhY2VzLlNlYXJjaFRleHQQAhgEIAA",
    "price_level": 2,
    "rating": 3.9,
    "notes": "Menu text is partial (truncated sections) and appears to be a mix of regular and special/recommendation items; the squid dish is listed in the lower special-style section at $18.80, which may be a smaller or promotional price. Stir Fried Pork Jowl w/ Celery & Squid excluded since squid is not the main ingredient.",
    "last_checked": "2026-10-03"
   }
  },
  {
   "type": "Feature",
   "geometry": {
    "type": "Point",
    "coordinates": [
     -123.158068,
     49.268011
    ]
   },
   "properties": {
    "id": "ChIJ92RInLNzhlQRKh1-M8BY3VA",
    "name": "Maria's Taverna",
    "address": "2324 W 4th Ave, Vancouver, BC V6K 1P4, Canada",
    "price": 18.99,
    "dish": "Kalamari",
    "items": [
     {
      "dish_name": "Kalamari",
      "price": 18.99,
      "portion_note": "appetizer, deep-fried marinated squid with tzatziki",
      "is_happy_hour": false
     },
     {
      "dish_name": "Kalamari Skaras",
      "price": 18.99,
      "portion_note": "appetizer, charbroiled in garlic sauce",
      "is_happy_hour": false
     },
     {
      "dish_name": "Kalamari Dinner",
      "price": 28.99,
      "portion_note": "main, deep-fried squid with Greek salad & roasted potatoes",
      "is_happy_hour": false
     },
     {
      "dish_name": "Kalamari Skaras",
      "price": 28.99,
      "portion_note": "main/dinner, charbroiled squid with rice, potatoes, Greek salad",
      "is_happy_hour": false
     }
    ],
    "confidence": "high",
    "price_source": "menu",
    "source_url": "http://mariason4th.com/menu/",
    "website": "http://mariason4th.com/",
    "google_maps_url": "https://maps.google.com/?cid=5826911075408157994&g_mp=Cidnb29nbGUubWFwcy5wbGFjZXMudjEuUGxhY2VzLlNlYXJjaFRleHQQAhgEIAA",
    "price_level": 2,
    "rating": 4.5,
    "notes": "Benchmark is the standard fried Kalamari appetizer. Menu text is partially truncated (platters section), but the appetizer and seafood sections are complete.",
    "last_checked": "2026-10-03"
   }
  },
  {
   "type": "Feature",
   "geometry": {
    "type": "Point",
    "coordinates": [
     -123.136421,
     49.270706
    ]
   },
   "properties": {
    "id": "ChIJU2aU7s5zhlQRICX9WHYo0K8",
    "name": "Tony's Fish & Oyster Cafe",
    "address": "1511 Anderson St, Vancouver, BC V6H 3R5, Canada",
    "price": 18.99,
    "dish": "Calamari",
    "items": [
     {
      "dish_name": "Calamari",
      "price": 18.99,
      "portion_note": "appetizer, 8 oz deep-fried squid",
      "is_happy_hour": false
     },
     {
      "dish_name": "Calamari Platter",
      "price": 27.99,
      "portion_note": "entree, 8 oz deep-fried squid",
      "is_happy_hour": false
     }
    ],
    "confidence": "high",
    "price_source": "menu",
    "source_url": "https://www.tonysfishandoystercafe.com/menu",
    "website": "http://www.tonysfishandoystercafe.com/",
    "google_maps_url": "https://maps.google.com/?cid=12668670240557442336&g_mp=Cidnb29nbGUubWFwcy5wbGFjZXMudjEuUGxhY2VzLlNlYXJjaFRleHQQAhgEIAA",
    "price_level": 2,
    "rating": 4.1,
    "notes": "Seafood Sampler for Two ($55.99) includes calamari with other items and was not counted as a calamari dish.",
    "last_checked": "2026-10-03"
   }
  },
  {
   "type": "Feature",
   "geometry": {
    "type": "Point",
    "coordinates": [
     -123.090506,
     49.262748
    ]
   },
   "properties": {
    "id": "ChIJXcyybFlxhlQRanQpGhnVEf4",
    "name": "Dallas Pizza Ltd.",
    "address": "613 E Broadway, Vancouver, BC V5T 1X7, Canada",
    "price": 18.99,
    "dish": "Kalamari",
    "items": [
     {
      "dish_name": "Kalamari",
      "price": 18.99,
      "portion_note": "appetizer, deep fried marinated squid with tzatziki and lemon",
      "is_happy_hour": false
     },
     {
      "dish_name": "Kalamari Dinner",
      "price": 28.99,
      "portion_note": "dinner, deep fried marinated squid",
      "is_happy_hour": false
     }
    ],
    "confidence": "medium",
    "price_source": "menu",
    "source_url": "https://www.zomi.menu/shop/dallaspizzaltd/pick-up/menu",
    "website": "https://dallaspizzaltd.zomi.menu/",
    "google_maps_url": "https://maps.google.com/?cid=18307648264027599978&g_mp=Cidnb29nbGUubWFwcy5wbGFjZXMudjEuUGxhY2VzLlNlYXJjaFRleHQQAhgEIAA",
    "price_level": 2,
    "rating": 3.9,
    "notes": "Menu text is partially truncated (pizza and pasta sections cut off), but the appetizer and seafood sections are complete. Prices are labeled in-store price on the ZOMI ordering platform.",
    "last_checked": "2026-10-03"
   }
  },
  {
   "type": "Feature",
   "geometry": {
    "type": "Point",
    "coordinates": [
     -123.069383,
     49.272463
    ]
   },
   "properties": {
    "id": "ChIJ60gnQT9xhlQR4sDTSLpiHwM",
    "name": "Memphis Blues Barbeque House",
    "address": "1342 Commercial Dr, Vancouver, BC V5L 3X6, Canada",
    "price": 19.0,
    "dish": "Fire Dusted Calamari",
    "items": [
     {
      "dish_name": "Fire Dusted Calamari",
      "price": 19.0,
      "portion_note": "starter, Commercial Drive menu",
      "is_happy_hour": false
     },
     {
      "dish_name": "Calamari Po'Boy",
      "price": 18.0,
      "portion_note": "sandwich, served with fries or beans & slaw",
      "is_happy_hour": false
     }
    ],
    "confidence": "high",
    "price_source": "menu",
    "source_url": "https://www.memphisbluesbbq.com/commercial-drive-menu/",
    "website": "https://www.memphisbluesbbq.com/",
    "google_maps_url": "https://maps.google.com/?cid=225007058617090274&g_mp=Cidnb29nbGUubWFwcy5wbGFjZXMudjEuUGxhY2VzLlNlYXJjaFRleHQQAhgEIAA",
    "price_level": 2,
    "rating": 4.2,
    "notes": "Benchmark is from the Commercial Drive menu. The Robson and Kelowna menus are other locations and were not used for the price; Fire Dusted Calamari is also $19 there. Seafood Medley and Priscilla Platter include calamari with other items and were excluded.",
    "last_checked": "2026-10-03"
   }
  },
  {
   "type": "Feature",
   "geometry": {
    "type": "Point",
    "coordinates": [
     -123.100842,
     49.247134
    ]
   },
   "properties": {
    "id": "ChIJDbmbOQBzhlQRwY3F_oToAkM",
    "name": "Heritage Restaurant & Bar",
    "address": "4242 Main St, Vancouver, BC V5V 3P9, Canada",
    "price": 19.0,
    "dish": "Squid",
    "items": [
     {
      "dish_name": "Squid",
      "price": 16.0,
      "portion_note": "happy hour menu, salted egg yolk, herbs",
      "is_happy_hour": true
     },
     {
      "dish_name": "Squid",
      "price": 19.0,
      "portion_note": "dinner menu, salted egg yolk, herbs",
      "is_happy_hour": false
     }
    ],
    "confidence": "medium",
    "price_source": "menu",
    "source_url": "https://www.heritageasianeatery.com/copy-of-main",
    "website": "https://www.heritageasianeatery.com/",
    "google_maps_url": "https://maps.google.com/?cid=4828677408402279873&g_mp=Cidnb29nbGUubWFwcy5wbGFjZXMudjEuUGxhY2VzLlNlYXJjaFRleHQQAhgEIAA",
    "price_level": 2,
    "rating": 4.6,
    "notes": "Menu text is scraped and the section headers are partly missing. The first SQUID listing at $16 sits among lower happy hour prices (drinks at $6-10, dishes cheaper than the later listings), so it is treated as happy hour. The $19 listing appears in the later dinner-style section with higher prices. The squid preparation is not specified beyond 'salted egg yolk, herbs'. Section attribution is inferred.",
    "last_checked": "2026-10-03"
   }
  },
  {
   "type": "Feature",
   "geometry": {
    "type": "Point",
    "coordinates": [
     -123.117375,
     49.279586
    ]
   },
   "properties": {
    "id": "ChIJJ3q-ZX5xhlQRuR_2CZAPaDc",
    "name": "Memphis Blues Barbeque House Restaurant",
    "address": "430 Robson St, Vancouver, BC V6B 2W5, Canada",
    "price": 19.0,
    "dish": "Fire Dusted Calamari",
    "items": [
     {
      "dish_name": "Fire Dusted Calamari",
      "price": 19.0,
      "portion_note": "starter, served with housemade dipping sauce",
      "is_happy_hour": false
     },
     {
      "dish_name": "Calamari Po'Boy",
      "price": 19.0,
      "portion_note": "sandwich, served with fries or BBQ pit beans & slaw",
      "is_happy_hour": false
     }
    ],
    "confidence": "high",
    "price_source": "menu",
    "source_url": "https://www.memphisbluesbbq.com/robson-menu/",
    "website": "https://www.memphisbluesbbq.com/",
    "google_maps_url": "https://maps.google.com/?cid=3992458180980776889&g_mp=Cidnb29nbGUubWFwcy5wbGFjZXMudjEuUGxhY2VzLlNlYXJjaFRleHQQAhgEIAA",
    "price_level": 2,
    "rating": 4.5,
    "notes": "Prices are from the Robson St location menu (430 Robson), which matches the restaurant address. The Commercial Drive and Kelowna menus were ignored. The Seafood Medley platter ($34) and Priscilla Platter include calamari with other seafood, so they were excluded.",
    "last_checked": "2026-10-03"
   }
  },
  {
   "type": "Feature",
   "geometry": {
    "type": "Point",
    "coordinates": [
     -123.099709,
     49.275478
    ]
   },
   "properties": {
    "id": "ChIJT_bIqGVxhlQRlgkDlyIY9gg",
    "name": "Bodega on Main",
    "address": "1014 Main St, Vancouver, BC V6A 2W1, Canada",
    "price": 19.0,
    "dish": "Calamares Fritos",
    "items": [
     {
      "dish_name": "Calamares Fritos",
      "price": 19.0,
      "portion_note": "deep fried squid, aioli",
      "is_happy_hour": false
     }
    ],
    "confidence": "medium",
    "price_source": "menu",
    "source_url": "https://www.bodegaonmain.ca/wp-content/uploads/2026/01/2025-12-23-BodegaFoodWeb.pdf",
    "website": "http://www.bodegaonmain.ca/",
    "google_maps_url": "https://maps.google.com/?cid=645730133415758230&g_mp=Cidnb29nbGUubWFwcy5wbGFjZXMudjEuUGxhY2VzLlNlYXJjaFRleHQQAhgEIAA",
    "price_level": 2,
    "rating": 4.3,
    "notes": "The menu text is scrambled because the PDF was extracted out of order, so prices are separated from the dish names. The Seafood Tapas - Hot section lists 15, 18, 19, 21, 21, 19 against Gambas al Ajillo, Arroz Español, Calamares Fritos, Mejillones a la Marinara, Pulpo a la Parilla and Chipirones. Matching them in order gives Calamares Fritos $19, but this is inferred. Chipirones (sautéed baby squid, garlic and wine) is also a squid dish, but its price cannot be reliably matched, so it is not listed. Paella Negra contains squid among other ingredients and was excluded. The second source is a retail Mercado list with tinned baby squid, which is not a menu dish.",
    "last_checked": "2026-10-03"
   }
  },
  {
   "type": "Feature",
   "geometry": {
    "type": "Point",
    "coordinates": [
     -123.130296,
     49.280054
    ]
   },
   "properties": {
    "id": "ChIJV3wIQhdzhlQRdcH-pbJvclU",
    "name": "Bonta Italian Ristorante",
    "address": "1047 Davie St, Vancouver, BC V6E 1M5, Canada",
    "price": 19.0,
    "dish": "Calamari Fritti",
    "items": [
     {
      "dish_name": "Calamari Fritti",
      "price": 19.0,
      "portion_note": "served with tzatziki sauce",
      "is_happy_hour": false
     }
    ],
    "confidence": "high",
    "price_source": "menu",
    "source_url": "https://bontaitalian.ca/menu-restaurant/",
    "website": "https://www.bontaitalian.ca/",
    "google_maps_url": "https://maps.google.com/?cid=6157106453648687477&g_mp=Cidnb29nbGUubWFwcy5wbGFjZXMudjEuUGxhY2VzLlNlYXJjaFRleHQQAhgEIAA",
    "price_level": 2,
    "rating": 4.6,
    "notes": "Single calamari dish on the regular menu with a clear price. The menu text appears complete for the appetizer section, though the end of the scrape is truncated.",
    "last_checked": "2026-10-03"
   }
  },
  {
   "type": "Feature",
   "geometry": {
    "type": "Point",
    "coordinates": [
     -123.120384,
     49.288574
    ]
   },
   "properties": {
    "id": "ChIJV5_58YNxhlQRAY6qECXa8vI",
    "name": "P2B Restaurant + Bar",
    "address": "1133 W Hastings St, Vancouver, BC V6E 3T3, Canada",
    "price": 19.0,
    "dish": "Calamari",
    "items": [
     {
      "dish_name": "Calamari",
      "price": 19.0,
      "portion_note": "lunch menu; jalapeño, lemon pepper spice, tzatziki",
      "is_happy_hour": false
     },
     {
      "dish_name": "Calamari",
      "price": 19.0,
      "portion_note": "dinner menu; peppers, jalapeño, lemon pepper spice, tzatziki",
      "is_happy_hour": false
     }
    ],
    "confidence": "high",
    "price_source": "menu",
    "source_url": "https://www.p2bbistro.com/menu",
    "website": "http://www.p2bbistro.com/",
    "google_maps_url": "https://maps.google.com/?cid=17506294554270797313&g_mp=Cidnb29nbGUubWFwcy5wbGFjZXMudjEuUGxhY2VzLlNlYXJjaFRleHQQAhgEIAA",
    "price_level": 2,
    "rating": 4.5,
    "notes": "Same $19 price on both lunch and dinner menus. Menu text was truncated in the mains section, but the starters section is complete.",
    "last_checked": "2026-10-03"
   }
  },
  {
   "type": "Feature",
   "geometry": {
    "type": "Point",
    "coordinates": [
     -123.122601,
     49.275154
    ]
   },
   "properties": {
    "id": "ChIJW8fi6NZzhlQRjKvR2NBsVkc",
    "name": "Hapa Izakaya Yaletown",
    "address": "1193 Hamilton St, Vancouver, BC V6B 5P6, Canada",
    "price": 19.0,
    "dish": "Ika",
    "items": [
     {
      "dish_name": "Ika",
      "price": 19.0,
      "portion_note": "Grilled Surume squid, sake soy garlic marinade",
      "is_happy_hour": false
     }
    ],
    "confidence": "medium",
    "price_source": "menu",
    "source_url": "https://hapaizakaya.com/yaletown-menu/",
    "website": "https://hapaizakaya.com/",
    "google_maps_url": "https://maps.google.com/?cid=5140415668936616844&g_mp=Cidnb29nbGUubWFwcy5wbGFjZXMudjEuUGxhY2VzLlNlYXJjaFRleHQQAhgEIAA",
    "price_level": 2,
    "rating": 4.4,
    "notes": "Menu text is a fragment (begins and ends mid-section, cold tapas/other sections missing), so other squid dishes may exist. Only squid dish found is grilled Ika (not fried calamari). Takoyaki is octopus and was excluded.",
    "last_checked": "2026-10-03"
   }
  },
  {
   "type": "Feature",
   "geometry": {
    "type": "Point",
    "coordinates": [
     -123.119617,
     49.23174
    ]
   },
   "properties": {
    "id": "ChIJeTbmSQB1hlQRVQEBqgGHLKc",
    "name": "Heritage - Time Out Market Vancouver",
    "address": "650 West 41st Avenue Time Out Market, 650 W 41st Ave 2nd Floor, Vancouver, BC V5Z 2M9, Canada",
    "price": 19.0,
    "dish": "Squid",
    "items": [
     {
      "dish_name": "Squid",
      "price": 16.0,
      "portion_note": "happy hour menu; salted egg yolk, herbs",
      "is_happy_hour": true
     },
     {
      "dish_name": "Squid",
      "price": 19.0,
      "portion_note": "dinner menu; salted egg yolk, herbs",
      "is_happy_hour": false
     }
    ],
    "confidence": "medium",
    "price_source": "menu",
    "source_url": "https://www.heritageasianeatery.com/copy-of-main",
    "website": "https://www.heritageasianeatery.com/",
    "google_maps_url": "https://maps.google.com/?cid=12046151544526143829&g_mp=Cidnb29nbGUubWFwcy5wbGFjZXMudjEuUGxhY2VzLlNlYXJjaFRleHQQAhgEIAA",
    "price_level": 2,
    "rating": 3.2,
    "notes": "Menu is for Heritage Main St location, not the Time Out Market stall, so prices may differ. The happy hour price of $16 and the dinner price of $19 were inferred from section order in the scraped text. The squid dish is not explicitly described as fried.",
    "last_checked": "2026-10-03"
   }
  },
  {
   "type": "Feature",
   "geometry": {
    "type": "Point",
    "coordinates": [
     -123.103518,
     49.269451
    ]
   },
   "properties": {
    "id": "ChIJoSErr2FxhlQRM-J1vP3DBqM",
    "name": "BREWHALL",
    "address": "97 E 2nd Ave, Vancouver, BC V5T 0E3, Canada",
    "price": 19.0,
    "dish": "Crispy Squid + Shishito Peppers",
    "items": [
     {
      "dish_name": "Crispy Squid + Shishito Peppers",
      "price": 19.0,
      "portion_note": "for the table",
      "is_happy_hour": false
     }
    ],
    "confidence": "medium",
    "price_source": "menu",
    "source_url": "https://brewhall.com/menu/",
    "website": "http://brewhall.com/",
    "google_maps_url": "https://maps.google.com/?cid=11747292172598501939&g_mp=Cidnb29nbGUubWFwcy5wbGFjZXMudjEuUGxhY2VzLlNlYXJjaFRleHQQAhgEIAA",
    "price_level": 2,
    "rating": 4.3,
    "notes": "Menu text is truncated (cuts off at Pizzas), and the happy hour menu is not shown, so any happy hour squid pricing is unknown. The dish uses humboldt squid with shishito peppers as the main ingredients.",
    "last_checked": "2026-10-03"
   }
  },
  {
   "type": "Feature",
   "geometry": {
    "type": "Point",
    "coordinates": [
     -123.141937,
     49.286866
    ]
   },
   "properties": {
    "id": "ChIJqYIGTy9yhlQRuS6kHx4pVKM",
    "name": "Hook Restaurant",
    "address": "1210 Denman St, Vancouver, BC V6G 2N2, Canada",
    "price": 19.0,
    "dish": "Calamari",
    "items": [
     {
      "dish_name": "Calamari",
      "price": 19.0,
      "portion_note": "starter; battered squid, red peppers, jalapeños, tartar sauce",
      "is_happy_hour": false
     },
     {
      "dish_name": "Calamari",
      "price": 17.0,
      "portion_note": "happy hour, 2-5 PM daily",
      "is_happy_hour": true
     }
    ],
    "confidence": "high",
    "price_source": "menu",
    "source_url": "https://www.hookrestaurant.ca/menu-2",
    "website": "http://www.hookrestaurant.ca/",
    "google_maps_url": "https://maps.google.com/?cid=11769076935582559929&g_mp=Cidnb29nbGUubWFwcy5wbGFjZXMudjEuUGxhY2VzLlNlYXJjaFRleHQQAhgEIAA",
    "price_level": 2,
    "rating": 4.2,
    "notes": "Regular starter calamari is $19.00; happy hour version is $17.00 (2-5 PM daily). The mains section of the scraped menu is truncated, so other squid dishes there can't be ruled out.",
    "last_checked": "2026-10-03"
   }
  },
  {
   "type": "Feature",
   "geometry": {
    "type": "Point",
    "coordinates": [
     -123.122729,
     49.279712
    ]
   },
   "properties": {
    "id": "ChIJO4AhIBNzhlQR1sdNx__mJ3k",
    "name": "Good Co. Granville",
    "address": "965 Granville St, Vancouver, BC V6Z 1L3, Canada",
    "price": 19.5,
    "dish": "Calamari",
    "items": [
     {
      "dish_name": "Calamari",
      "price": 19.5,
      "portion_note": null,
      "is_happy_hour": false
     }
    ],
    "confidence": "medium",
    "price_source": "menu",
    "source_url": "https://goodcobars.com/menu?loc=granville",
    "website": "https://goodcobars.com/",
    "google_maps_url": "https://maps.google.com/?cid=8730200388915808214&g_mp=Cidnb29nbGUubWFwcy5wbGFjZXMudjEuUGxhY2VzLlNlYXJjaFRleHQQAhgEIAA",
    "price_level": 2,
    "rating": 3.9,
    "notes": "The Granville URL's menu text is truncated and still shows a North Vancouver address (2100 Dollarton Hwy), so it may be a different location's menu. The Calamari price of $19.50 is identical on the Northwoods and Granville menu pages. Happy hour pricing varies by location and was not listed.",
    "last_checked": "2026-10-03"
   }
  },
  {
   "type": "Feature",
   "geometry": {
    "type": "Point",
    "coordinates": [
     -123.176959,
     49.264426
    ]
   },
   "properties": {
    "id": "ChIJObmF2apzhlQRXFzy45lL4yQ",
    "name": "Good Co. Kits",
    "address": "3255 W Broadway, Vancouver, BC V6K 2H5, Canada",
    "price": 19.5,
    "dish": "Calamari",
    "items": [
     {
      "dish_name": "Calamari",
      "price": 19.5,
      "portion_note": "starter; homemade lemon caper aioli",
      "is_happy_hour": false
     }
    ],
    "confidence": "medium",
    "price_source": "menu",
    "source_url": "https://goodcobars.com/menu?loc=granville",
    "website": "https://goodcobars.com/",
    "google_maps_url": "https://maps.google.com/?cid=2658051329405115484&g_mp=Cidnb29nbGUubWFwcy5wbGFjZXMudjEuUGxhY2VzLlNlYXJjaFRleHQQAhgEIAA",
    "price_level": 2,
    "rating": 4.1,
    "notes": "The scraped menus are for other Good Co. locations (Northwoods / 2100 Dollarton Hwy, and Granville), not the Kitsilano (3255 W Broadway) location. Both show the same Calamari price of $19.50, but Kits pricing may differ. Happy hour prices were not listed.",
    "last_checked": "2026-10-03"
   }
  },
  {
   "type": "Feature",
   "geometry": {
    "type": "Point",
    "coordinates": [
     -123.127289,
     49.25141
    ]
   },
   "properties": {
    "id": "ChIJY29n8q13hlQR_AuS1MP2CyI",
    "name": "Johnny’s on Oak",
    "address": "3838 Oak St, Vancouver, BC V6H 2M5, Canada",
    "price": 19.5,
    "dish": "Kalamari",
    "items": [
     {
      "dish_name": "Kalamari",
      "price": 19.5,
      "portion_note": "starter",
      "is_happy_hour": false
     },
     {
      "dish_name": "Kalamari Dinner",
      "price": 29.75,
      "portion_note": "dinner with Greek salad, tzatziki & pita bread",
      "is_happy_hour": false
     }
    ],
    "confidence": "medium",
    "price_source": "menu",
    "source_url": "https://johnnysonoak.ca/menu/",
    "website": "https://johnnysonoak.ca/",
    "google_maps_url": "https://maps.google.com/?cid=2453325742978763772&g_mp=Cidnb29nbGUubWFwcy5wbGFjZXMudjEuUGxhY2VzLlNlYXJjaFRleHQQAhgEIAA",
    "price_level": 2,
    "rating": 4.5,
    "notes": "Menu text is partially truncated (some sections missing). A separate Happy Hour Menu is listed but its contents were not included, so any happy-hour calamari price is not captured.",
    "last_checked": "2026-10-03"
   }
  },
  {
   "type": "Feature",
   "geometry": {
    "type": "Point",
    "coordinates": [
     -123.1414,
     49.287251
    ]
   },
   "properties": {
    "id": "ChIJj6ywSi9yhlQRes3cKZTYNRw",
    "name": "Bayside Lounge — English Bay",
    "address": "1755 Davie St, Vancouver, BC V6G 1W2, Canada",
    "price": 19.5,
    "dish": "Spicy Crispy Calamari",
    "items": [
     {
      "dish_name": "Spicy Crispy Calamari",
      "price": 19.5,
      "portion_note": "share plate, regular menu",
      "is_happy_hour": false
     },
     {
      "dish_name": "Spicy Crispy Calamari",
      "price": 16.5,
      "portion_note": "happy hour light bite (Mon-Fri 12-6 PM, Sat-Sun 3-6 PM)",
      "is_happy_hour": true
     }
    ],
    "confidence": "high",
    "price_source": "menu",
    "source_url": "https://www.baysidelounge.ca/menu",
    "website": "https://www.baysidelounge.ca/",
    "google_maps_url": "https://maps.google.com/?cid=2032768937696742778&g_mp=Cidnb29nbGUubWFwcy5wbGFjZXMudjEuUGxhY2VzLlNlYXJjaFRleHQQAhgEIAA",
    "price_level": 2,
    "rating": 4.3,
    "notes": "Happy hour price is $16.50 versus the regular price of $19.50. Menu pages are partly truncated, but the calamari entries and prices are clear.",
    "last_checked": "2026-10-03"
   }
  },
  {
   "type": "Feature",
   "geometry": {
    "type": "Point",
    "coordinates": [
     -123.141029,
     49.287002
    ]
   },
   "properties": {
    "id": "ChIJmZqwSi9yhlQRwouQZ3IxzFI",
    "name": "The Park Pub",
    "address": "1755 Davie St, Vancouver, BC V6G 1W5, Canada",
    "price": 19.5,
    "dish": "Spicy Crispy Calamari",
    "items": [
     {
      "dish_name": "Spicy Crispy Calamari",
      "price": 19.5,
      "portion_note": "served with sweet + sour tangy chili sauce",
      "is_happy_hour": false
     },
     {
      "dish_name": "Spicy Crispy Calamari",
      "price": 13.0,
      "portion_note": "happy hour",
      "is_happy_hour": true
     }
    ],
    "confidence": "high",
    "price_source": "menu",
    "source_url": "https://www.parkpub.ca/food-menu",
    "website": "https://www.parkpub.ca/",
    "google_maps_url": "https://maps.google.com/?cid=5966197973792623554&g_mp=Cidnb29nbGUubWFwcy5wbGFjZXMudjEuUGxhY2VzLlNlYXJjaFRleHQQAhgEIAA",
    "price_level": 2,
    "rating": 4.4,
    "notes": "Food menu text was a fragment but the calamari entry and its price were clearly paired. Happy hour price of $13.00 listed separately.",
    "last_checked": "2026-10-03"
   }
  },
  {
   "type": "Feature",
   "geometry": {
    "type": "Point",
    "coordinates": [
     -123.100905,
     49.259025
    ]
   },
   "properties": {
    "id": "ChIJuXPJpONzhlQR_d38VUw8fbI",
    "name": "Good Co. Main Street",
    "address": "2904 Main St, Vancouver, BC V5T 3G3, Canada",
    "price": 19.5,
    "dish": "Calamari",
    "items": [
     {
      "dish_name": "Calamari",
      "price": 19.5,
      "portion_note": null,
      "is_happy_hour": false
     }
    ],
    "confidence": "medium",
    "price_source": "menu",
    "source_url": "https://goodcobars.com/menu?loc=granville",
    "website": "https://goodcobars.com/",
    "google_maps_url": "https://maps.google.com/?cid=12861502409397820925&g_mp=Cidnb29nbGUubWFwcy5wbGFjZXMudjEuUGxhY2VzLlNlYXJjaFRleHQQAhgEIAA",
    "price_level": 2,
    "rating": 4,
    "notes": "The scraped menus are for other Good Co. locations (the page header shows 2100 Dollarton Hwy in North Vancouver; URLs use loc=northwoods and loc=granville), not the Main Street location. Both show Calamari at $19.50, but the Main Street menu or price may differ. Happy hour pricing varies by location and was not listed.",
    "last_checked": "2026-10-03"
   }
  },
  {
   "type": "Feature",
   "geometry": {
    "type": "Point",
    "coordinates": [
     -123.140737,
     49.286944
    ]
   },
   "properties": {
    "id": "ChIJv94nXI9zhlQRXuzMxCL70cM",
    "name": "Hideout Golf",
    "address": "1755 Davie St, Vancouver, BC V6G 1W5, Canada",
    "price": 19.5,
    "dish": "Crispy Calamari",
    "items": [
     {
      "dish_name": "Crispy Calamari",
      "price": 19.5,
      "portion_note": null,
      "is_happy_hour": false
     }
    ],
    "confidence": "high",
    "price_source": "menu",
    "source_url": "https://www.hideoutgolf.ca/menu?location=Davie+Street&menu=dinner-menu",
    "website": "https://www.hideoutgolf.ca/",
    "google_maps_url": "https://maps.google.com/?cid=14110335234277698654&g_mp=Cidnb29nbGUubWFwcy5wbGFjZXMudjEuUGxhY2VzLlNlYXJjaFRleHQQAhgEIAA",
    "price_level": 2,
    "rating": 4.8,
    "notes": "Price from the Food Menu appetizers section. The scraped text was cut off partway through the 'For The Table' section, but the calamari listing and price are clear. Happy hour menu was not included.",
    "last_checked": "2026-10-03"
   }
  },
  {
   "type": "Feature",
   "geometry": {
    "type": "Point",
    "coordinates": [
     -123.119072,
     49.286368
    ]
   },
   "properties": {
    "id": "ChIJ72Q27rRxhlQRFYeILV_DARk",
    "name": "Central Restaurants - Vancouver Bentall",
    "address": "555 Burrard St, Vancouver, BC V7X 1M8, Canada",
    "price": 19.75,
    "dish": "Lemon Peppered Calamari",
    "items": [
     {
      "dish_name": "Lemon Peppered Calamari",
      "price": 19.75,
      "portion_note": null,
      "is_happy_hour": false
     }
    ],
    "confidence": "medium",
    "price_source": "menu",
    "source_url": "https://centralrestaurants.ca/vancouver-bentall/menu",
    "website": "https://centralrestaurants.ca/locations/vancouver-bentall",
    "google_maps_url": "https://maps.google.com/?cid=1801936139478140693&g_mp=Cidnb29nbGUubWFwcy5wbGFjZXMudjEuUGxhY2VzLlNlYXJjaFRleHQQAhgEIAA",
    "price_level": 2,
    "rating": 4.7,
    "notes": "Price taken from the Vancouver Bentall menu page (19¾ = 19.75). The scraped menu is truncated after the sushi section, so other calamari dishes or happy hour items may be missing. The Calgary and Toronto menus were ignored.",
    "last_checked": "2026-10-03"
   }
  },
  {
   "type": "Feature",
   "geometry": {
    "type": "Point",
    "coordinates": [
     -123.065102,
     49.238014
    ]
   },
   "properties": {
    "id": "ChIJU_ZQ8iR0hlQRrARuEjwxOgw",
    "name": "Neighbour's Restaurant & Pizza House",
    "address": "5108 Victoria Dr, Vancouver, BC V5P 3V2, Canada",
    "price": 19.95,
    "dish": "Kalamari",
    "items": [
     {
      "dish_name": "Kalamari",
      "price": 19.95,
      "portion_note": "Deep-fried marinated squid, served with tzatziki",
      "is_happy_hour": false
     }
    ],
    "confidence": "high",
    "price_source": "menu",
    "source_url": "https://neighboursrestaurant.ca/vancouver-neighbour-s-restaurant-and-pizza-house-food-menu",
    "website": "https://www.neighboursrestaurant.ca/",
    "google_maps_url": "https://maps.google.com/?cid=881070811181352108&g_mp=Cidnb29nbGUubWFwcy5wbGFjZXMudjEuUGxhY2VzLlNlYXJjaFRleHQQAhgEIAA",
    "price_level": 2,
    "rating": 4.2,
    "notes": "Price taken from the regular Appetizers menu. The Happy Hour menu is linked but its contents were not included in the scraped text, so any happy hour calamari price is unknown.",
    "last_checked": "2026-10-03"
   }
  },
  {
   "type": "Feature",
   "geometry": {
    "type": "Point",
    "coordinates": [
     -123.065564,
     49.237878
    ]
   },
   "properties": {
    "id": "ChIJXTusTKd2hlQRQjU82XRpWWw",
    "name": "Bun Cha Ca Hoang Yen",
    "address": "5155 Victoria Dr, Vancouver, BC V5P 3V1, Canada",
    "price": 19.95,
    "dish": "Chả Mực (Fried Squid Cake)",
    "items": [
     {
      "dish_name": "Chả Mực (Fried Squid Cake)",
      "price": 19.95,
      "portion_note": "appetizer",
      "is_happy_hour": false
     },
     {
      "dish_name": "Bún Chả Mực (Deep Fried Squid Cake with Vermicelli Soup)",
      "price": 19.95,
      "portion_note": "large, noodle soup",
      "is_happy_hour": false
     }
    ],
    "confidence": "medium",
    "price_source": "menu",
    "source_url": "https://www.bunchacahoangyen.com/menus",
    "website": "http://bunchacahoangyen.com/",
    "google_maps_url": "https://maps.google.com/?cid=7807387379605189954&g_mp=Cidnb29nbGUubWFwcy5wbGFjZXMudjEuUGxhY2VzLlNlYXJjaFRleHQQAhgEIAA",
    "price_level": 2,
    "rating": 4.4,
    "notes": "Vietnamese restaurant; no calamari dish per se. Fried squid cake (chả mực) is a squid-based appetizer, so it was used as the closest match. It is a ground squid patty rather than classic calamari rings, so a reviewer may want to confirm it should count.",
    "last_checked": "2026-10-03"
   }
  },
  {
   "type": "Feature",
   "geometry": {
    "type": "Point",
    "coordinates": [
     -123.123968,
     49.274247
    ]
   },
   "properties": {
    "id": "ChIJv-486r1zhlQRCUE79RGXqm8",
    "name": "Alchemy Bar and Kitchen",
    "address": "1269 Hamilton St, Vancouver, BC V6B 1E2, Canada",
    "price": 19.95,
    "dish": "Calamari",
    "items": [
     {
      "dish_name": "Calamari",
      "price": 19.95,
      "portion_note": "appetizer; pineapple-cut calamari with jalapeño and chipotle mayo",
      "is_happy_hour": false
     },
     {
      "dish_name": "Calamari Salad",
      "price": 15.95,
      "portion_note": "happy hour; crispy calamari salad with greens, feta, tomatoes, pickled radish",
      "is_happy_hour": true
     }
    ],
    "confidence": "high",
    "price_source": "menu",
    "source_url": "https://www.alchemybar-kitchen.ca/appetizer.html",
    "website": "http://www.alchemybar-kitchen.ca/",
    "google_maps_url": "https://maps.google.com/?cid=8046409787635351817&g_mp=Cidnb29nbGUubWFwcy5wbGFjZXMudjEuUGxhY2VzLlNlYXJjaFRleHQQAhgEIAA",
    "price_level": 2,
    "rating": 4.6,
    "notes": "Benchmark is the regular appetizer Calamari. The Calamari Salad appears only on the happy hour menu, so it is listed in items but not used as the benchmark.",
    "last_checked": "2026-10-03"
   }
  },
  {
   "type": "Feature",
   "geometry": {
    "type": "Point",
    "coordinates": [
     -123.140868,
     49.211973
    ]
   },
   "properties": {
    "id": "ChIJDzQ5P3J1hlQRKSYEzXjMGlg",
    "name": "Momo factory restaurant and Bar",
    "address": "8175 Granville St, Vancouver, BC V6P 4Z6, Canada",
    "price": 19.99,
    "dish": "Salt & Peppery Squid Spicy",
    "items": [
     {
      "dish_name": "Salt & Peppery Squid Spicy",
      "price": 19.99,
      "portion_note": null,
      "is_happy_hour": false
     }
    ],
    "confidence": "medium",
    "price_source": "menu",
    "source_url": "https://granville.momo-factory.ca/",
    "website": "https://granville.momo-factory.ca/",
    "google_maps_url": "https://maps.google.com/?cid=6348611443939878441&g_mp=Cidnb29nbGUubWFwcy5wbGFjZXMudjEuUGxhY2VzLlNlYXJjaFRleHQQAhgEIAA",
    "price_level": 2,
    "rating": 4.6,
    "notes": "Menu text is fragmentary (several sections truncated), so other squid dishes may exist. Wor Wonton Soup and Ocean Feast Noodles contain squid only as one of several ingredients and were excluded. The /menu page lists prices as 'from', but the main page shows the same $19.99 price.",
    "last_checked": "2026-10-03"
   }
  },
  {
   "type": "Feature",
   "geometry": {
    "type": "Point",
    "coordinates": [
     -123.08358,
     49.253507
    ]
   },
   "properties": {
    "id": "ChIJLVrqsCZxhlQRjLwAsaD7ibU",
    "name": "La Quebec Poutine (Kingsway)",
    "address": "1022 Kingsway, Vancouver, BC V5V 3C6, Canada",
    "price": 19.99,
    "dish": "Calamari Fish & Chips",
    "items": [
     {
      "dish_name": "Calamari Fish (poutine)",
      "price": 12.99,
      "portion_note": "Small; Reg $17.98, Lg $21.98, Jmb $24.98",
      "is_happy_hour": false
     },
     {
      "dish_name": "Calamari Fish & Chips",
      "price": 19.99,
      "portion_note": "crispy calamari rings served with chips",
      "is_happy_hour": false
     }
    ],
    "confidence": "medium",
    "price_source": "menu",
    "source_url": "https://lqpoutine.com/menus/",
    "website": "https://lqpoutine.com/",
    "google_maps_url": "https://maps.google.com/?cid=13081263260257270924&g_mp=Cidnb29nbGUubWFwcy5wbGFjZXMudjEuUGxhY2VzLlNlYXJjaFRleHQQAhgEIAA",
    "price_level": null,
    "rating": 5,
    "notes": "No standalone calamari appetizer. Calamari appears as a poutine topping (Sm $12.99 / Reg $17.98 / Lg $21.98 / Jmb $24.98) and as Calamari Fish & Chips ($19.99) listed under Appetizers. Benchmark uses the Appetizers-section Calamari Fish & Chips. The menu text is truncated at the end and may be partial.",
    "last_checked": "2026-10-03"
   }
  },
  {
   "type": "Feature",
   "geometry": {
    "type": "Point",
    "coordinates": [
     -123.207362,
     49.263919
    ]
   },
   "properties": {
    "id": "ChIJWYAheHVzhlQR90bvGlsTGIU",
    "name": "La Quebec Poutine - Point Gray",
    "address": "4443 W 10th Ave, Vancouver, BC V6R 2H8, Canada",
    "price": 19.99,
    "dish": "Calamari Fish & Chips",
    "items": [
     {
      "dish_name": "Calamari Fish & Chips",
      "price": 19.99,
      "portion_note": "served with chips; listed under Appetizers",
      "is_happy_hour": false
     },
     {
      "dish_name": "Calamari Fish (poutine)",
      "price": 12.99,
      "portion_note": "Sm",
      "is_happy_hour": false
     },
     {
      "dish_name": "Calamari Fish (poutine)",
      "price": 17.98,
      "portion_note": "Reg",
      "is_happy_hour": false
     },
     {
      "dish_name": "Calamari Fish (poutine)",
      "price": 21.98,
      "portion_note": "Lg",
      "is_happy_hour": false
     },
     {
      "dish_name": "Calamari Fish (poutine)",
      "price": 24.98,
      "portion_note": "Jmb",
      "is_happy_hour": false
     }
    ],
    "confidence": "medium",
    "price_source": "menu",
    "source_url": "https://lqpoutine.com/menus/",
    "website": "https://lqpoutine.com/",
    "google_maps_url": "https://maps.google.com/?cid=9590436688500311799&g_mp=Cidnb29nbGUubWFwcy5wbGFjZXMudjEuUGxhY2VzLlNlYXJjaFRleHQQAhgEIAA",
    "price_level": null,
    "rating": 3,
    "notes": "No standalone fried calamari appetizer. The benchmark uses Calamari Fish & Chips ($19.99), which is listed under Appetizers but comes with chips. Calamari is also offered as a poutine topping (Sm $12.99 to Jmb $24.98); that is not used as the benchmark because poutine is the main component. The menu text is a partial scrape.",
    "last_checked": "2026-10-03"
   }
  },
  {
   "type": "Feature",
   "geometry": {
    "type": "Point",
    "coordinates": [
     -123.132253,
     49.281203
    ]
   },
   "properties": {
    "id": "ChIJWwQEyXtzhlQRG5oz14NnhPw",
    "name": "Momo Factory",
    "address": "1143 Davie St, Vancouver, BC V6E 1N2, Canada",
    "price": 19.99,
    "dish": "Salt & Peppery Squid",
    "items": [
     {
      "dish_name": "Salt & Peppery Squid",
      "price": 19.99,
      "portion_note": "appetizer",
      "is_happy_hour": false
     }
    ],
    "confidence": "medium",
    "price_source": "menu",
    "source_url": "https://momo-factory.ca/",
    "website": "https://momo-factory.ca/",
    "google_maps_url": "https://maps.google.com/?cid=18195782210432506395&g_mp=Cidnb29nbGUubWFwcy5wbGFjZXMudjEuUGxhY2VzLlNlYXJjaFRleHQQAhgEIAA",
    "price_level": 2,
    "rating": 4.5,
    "notes": "Menu text is fragmentary (truncated sections). The /menu page lists the price as \"from $19.99\", which suggests there may be options or sizes. Ocean Feast Noodles contains squid among several ingredients and was excluded.",
    "last_checked": "2026-10-03"
   }
  },
  {
   "type": "Feature",
   "geometry": {
    "type": "Point",
    "coordinates": [
     -123.113725,
     49.283774
    ]
   },
   "properties": {
    "id": "ChIJ4zfwMcBxhlQR61FZVizEG1s",
    "name": "WINGS Tap & Social - Vancouver",
    "address": "580 W Pender St, Vancouver, BC V6B 1W7, Canada",
    "price": 20.0,
    "dish": "Calamari",
    "items": [
     {
      "dish_name": "Calamari",
      "price": 20.0,
      "portion_note": null,
      "is_happy_hour": false
     },
     {
      "dish_name": "West Coast Calamari",
      "price": 19.5,
      "portion_note": "older/alternate menu page; price printed as 19 with ½ on separate line",
      "is_happy_hour": false
     }
    ],
    "confidence": "medium",
    "price_source": "menu",
    "source_url": "https://greatwings.ca/wp-content/uploads/2025/12/1125-Food-Menu-WTS.pdf",
    "website": "https://greatwings.ca/Vancouver",
    "google_maps_url": "https://maps.google.com/?cid=6565056576528929259&g_mp=Cidnb29nbGUubWFwcy5wbGFjZXMudjEuUGxhY2VzLlNlYXJjaFRleHQQAhgEIAA",
    "price_level": 2,
    "rating": 4.4,
    "notes": "Two sources disagree. The Nov 2025 PDF menu (most recent) lists Calamari at $20. The greatwings.ca/menu page lists West Coast Calamari at 19 with a separate ½ (likely $19.50), probably an older or general menu. Used the dated PDF for the benchmark. Both menu texts are truncated fragments.",
    "last_checked": "2026-10-03"
   }
  },
  {
   "type": "Feature",
   "geometry": {
    "type": "Point",
    "coordinates": [
     -123.124032,
     49.281843
    ]
   },
   "properties": {
    "id": "ChIJJUuF_n9xhlQRkMXW10Pf6TQ",
    "name": "Pacifico Pizzeria & Ristorante",
    "address": "970 Smithe St, Vancouver, BC V6Z 0A4, Canada",
    "price": 20.0,
    "dish": "Calamari Fritti",
    "items": [
     {
      "dish_name": "Calamari Fritti",
      "price": 20.0,
      "portion_note": "appetizer, deep fried calamari with spicy pomodoro & tzatziki dipping sauces",
      "is_happy_hour": false
     }
    ],
    "confidence": "high",
    "price_source": "menu",
    "source_url": "https://cdn.prod.website-files.com/5646a5d657134c835ca84fa1/685cc6aae4b23bf9d1c64871_2025%20Dinner%20June%201%20(1)_page-0001.jpg",
    "website": "http://pacificopizza.com/",
    "google_maps_url": "https://maps.google.com/?cid=3812824042022815120&g_mp=Cidnb29nbGUubWFwcy5wbGFjZXMudjEuUGxhY2VzLlNlYXJjaFRleHQQAhgEIAA",
    "price_level": 2,
    "rating": 4.2,
    "notes": "Price from the 2025 dinner menu. The 2020 Dine Out and 2015 lunch menus are outdated and have no standalone calamari dish. The Pacifico Salad, which contains calamari with scallops and prawns, was excluded because squid is not its main ingredient.",
    "last_checked": "2026-10-03"
   }
  },
  {
   "type": "Feature",
   "geometry": {
    "type": "Point",
    "coordinates": [
     -123.119601,
     49.23175
    ]
   },
   "properties": {
    "id": "ChIJV0yiEwB1hlQR5S1BZlw9p8c",
    "name": "PiDGiN Time Out Market",
    "address": "650 W 41st Ave, Vancouver, BC V5Z 2M9, Canada",
    "price": 20.0,
    "dish": "Typhoon Shelter Squid",
    "items": [
     {
      "dish_name": "Typhoon Shelter Squid",
      "price": 20.0,
      "portion_note": "wok fired",
      "is_happy_hour": false
     }
    ],
    "confidence": "medium",
    "price_source": "menu",
    "source_url": "https://timeout.pidginyvr.com/",
    "website": "https://timeout.pidginyvr.com/",
    "google_maps_url": "https://maps.google.com/?cid=14386535001720172005&g_mp=Cidnb29nbGUubWFwcy5wbGFjZXMudjEuUGxhY2VzLlNlYXJjaFRleHQQAhgEIAA",
    "price_level": 2,
    "rating": 3.3,
    "notes": "Price comes from the signature dishes section of the homepage, not the full menu, so the menu may be partial. Squid is the main ingredient of the dish, though it is not described as calamari.",
    "last_checked": "2026-10-03"
   }
  },
  {
   "type": "Feature",
   "geometry": {
    "type": "Point",
    "coordinates": [
     -123.161604,
     49.234772
    ]
   },
   "properties": {
    "id": "ChIJWSFJtnpzhlQRfhTTUMJTgPU",
    "name": "Minerva’s Restaurant",
    "address": "2411 W 41st Ave, Vancouver, BC V6M 4B8, Canada",
    "price": 20.0,
    "dish": "Kalamari",
    "items": [
     {
      "dish_name": "Kalamari",
      "price": 20.0,
      "portion_note": "appetizer",
      "is_happy_hour": false
     },
     {
      "dish_name": "Kalamari Dinner",
      "price": 31.0,
      "portion_note": "main, served with rice pilaf, roast potato, Greek salad and pita",
      "is_happy_hour": false
     }
    ],
    "confidence": "high",
    "price_source": "menu",
    "source_url": "https://minervas.ca/food",
    "website": "http://www.minervas.ca/",
    "google_maps_url": "https://maps.google.com/?cid=17690231430356079742&g_mp=Cidnb29nbGUubWFwcy5wbGFjZXMudjEuUGxhY2VzLlNlYXJjaFRleHQQAhgEIAA",
    "price_level": 2,
    "rating": 4.4,
    "notes": "Happy hour menu is on a separate page not included in the scraped text. Benchmark is the appetizer Kalamari (marinated squid, lightly battered).",
    "last_checked": "2026-10-03"
   }
  },
  {
   "type": "Feature",
   "geometry": {
    "type": "Point",
    "coordinates": [
     -123.089573,
     49.255711
    ]
   },
   "properties": {
    "id": "ChIJXyg3KFZxhlQRexn8iTUtom8",
    "name": "Bells & Whistles Fraser",
    "address": "3296 Fraser St, Vancouver, BC V5V 4B9, Canada",
    "price": 20.0,
    "dish": "Calamari",
    "items": [
     {
      "dish_name": "Calamari",
      "price": 20.0,
      "portion_note": "Snacks; sustainably caught pacific squid, gluten-free",
      "is_happy_hour": false
     }
    ],
    "confidence": "high",
    "price_source": "menu",
    "source_url": "https://www.bellsandwhistlesyvr.ca/fraser/food",
    "website": "http://bellsandwhistlesyvr.ca/",
    "google_maps_url": "https://maps.google.com/?cid=8044041592408643963&g_mp=Cidnb29nbGUubWFwcy5wbGFjZXMudjEuUGxhY2VzLlNlYXJjaFRleHQQAhgEIAA",
    "price_level": 2,
    "rating": 4.1,
    "notes": "Same $20 price appears on both the Fraser food menu and the takeout menu. The Fraser menu was used for the benchmark.",
    "last_checked": "2026-10-03"
   }
  },
  {
   "type": "Feature",
   "geometry": {
    "type": "Point",
    "coordinates": [
     -123.089808,
     49.249452
    ]
   },
   "properties": {
    "id": "ChIJcThuOf9zhlQR3DqTAUuqEoo",
    "name": "Nammos Estiatorio",
    "address": "3980 Fraser St, Vancouver, BC V5V 4E4, Canada",
    "price": 20.0,
    "dish": "Kalamari",
    "items": [
     {
      "dish_name": "Kalamari",
      "price": 20.0,
      "portion_note": "small plate; crispy fried squid, parsley, onions, spicy yogurt",
      "is_happy_hour": false
     },
     {
      "dish_name": "Kalamari",
      "price": 15.0,
      "portion_note": "happy hour; with jalapenos",
      "is_happy_hour": true
     }
    ],
    "confidence": "high",
    "price_source": "menu",
    "source_url": "https://nammos.ca/menu/",
    "website": "http://nammos.ca/",
    "google_maps_url": "https://maps.google.com/?cid=9949201765940542172&g_mp=Cidnb29nbGUubWFwcy5wbGFjZXMudjEuUGxhY2VzLlNlYXJjaFRleHQQAhgEIAA",
    "price_level": null,
    "rating": 4.3,
    "notes": "Seafood Youvetzi (prawn, squid, octopus, orzo) excluded as squid is one of several ingredients.",
    "last_checked": "2026-10-03"
   }
  },
  {
   "type": "Feature",
   "geometry": {
    "type": "Point",
    "coordinates": [
     -123.062445,
     49.243689
    ]
   },
   "properties": {
    "id": "ChIJuaqujyZ1hlQRm4j4h6t3RqI",
    "name": "Hai Chi Em Modern Vietnamese Cuisine",
    "address": "2172 Kingsway, Vancouver, BC V5N 2T5, Canada",
    "price": 20.0,
    "dish": "Crispy Calamari Tossed in Fish Sauce (Mực chiên nước mắm)",
    "items": [
     {
      "dish_name": "Crispy Calamari Tossed in Fish Sauce (Mực chiên nước mắm)",
      "price": 20.0,
      "portion_note": null,
      "is_happy_hour": false
     },
     {
      "dish_name": "Grilled Chili Salt & Pepper Squid Skewers (Muc Nuong Muoi Ot)",
      "price": 19.0,
      "portion_note": "grilled skewers",
      "is_happy_hour": false
     }
    ],
    "confidence": "high",
    "price_source": "menu",
    "source_url": "https://haichiem.ca/menu/",
    "website": "https://www.haichiem.ca/",
    "google_maps_url": "https://maps.google.com/?cid=11693165061118396571&g_mp=Cidnb29nbGUubWFwcy5wbGFjZXMudjEuUGxhY2VzLlNlYXJjaFRleHQQAhgEIAA",
    "price_level": 2,
    "rating": 4.6,
    "notes": "Benchmark is the crispy (fried) calamari appetizer. Grilled squid skewers are $19. Excluded: Pineapple Fried Rice with Seafood (squid is one ingredient among several) and Crispy Betel Squid Cakes (squid cake, with a description copied from another dish). The scraped menu is a fragment, but the appetizer section is complete.",
    "last_checked": "2026-10-03"
   }
  },
  {
   "type": "Feature",
   "geometry": {
    "type": "Point",
    "coordinates": [
     -123.090873,
     49.228962
    ]
   },
   "properties": {
    "id": "ChIJS-9IjRR0hlQRPEb9bYcmx8w",
    "name": "Pin Pin Restaurant",
    "address": "6113 Fraser St, Vancouver, BC V5W 2Z9, Canada",
    "price": 20.95,
    "dish": "Pusit Sisig",
    "items": [
     {
      "dish_name": "Pusit Sisig",
      "price": 20.95,
      "portion_note": "sizzling plate, diced spicy squid",
      "is_happy_hour": false
     },
     {
      "dish_name": "Pusit a la Pobre",
      "price": 20.95,
      "portion_note": "sizzling plate, sautéed squid with toasted garlic in a mild spicy sauce",
      "is_happy_hour": false
     }
    ],
    "confidence": "medium",
    "price_source": "menu",
    "source_url": "http://www.pinpinrestaurant.com/images/pinpin%202022%20menu3.jpg?crc=4254074017",
    "website": "http://www.pinpinrestaurant.com/",
    "google_maps_url": "https://maps.google.com/?cid=14755805067210475068&g_mp=Cidnb29nbGUubWFwcy5wbGFjZXMudjEuUGxhY2VzLlNlYXJjaFRleHQQAhgEIAA",
    "price_level": 2,
    "rating": 4.1,
    "notes": "No fried calamari appetizer on the menu pages provided. Squid dishes are sizzling plates (Pusit Sisig and Pusit a la Pobre, both 20.95), which were used for the benchmark. The menu is from 2022 and the images show only part of it. Prices are subject to change without notice.",
    "last_checked": "2026-10-03"
   }
  },
  {
   "type": "Feature",
   "geometry": {
    "type": "Point",
    "coordinates": [
     -123.106181,
     49.263247
    ]
   },
   "properties": {
    "id": "ChIJXUDhAeJzhlQRsyu97gqaq-s",
    "name": "Italia Bella Bar & Grill",
    "address": "53 W Broadway, Vancouver, BC V5Y 1P1, Canada",
    "price": 20.95,
    "dish": "Calamari",
    "items": [
     {
      "dish_name": "Calamari",
      "price": 20.95,
      "portion_note": "Lightly breaded, served with spicy marinara sauce",
      "is_happy_hour": false
     }
    ],
    "confidence": "medium",
    "price_source": "menu",
    "source_url": "https://www.italiabella.ca/images/Italia%20Bella%20Vancouver%20Menu.pdf",
    "website": "https://www.italiabella.ca/",
    "google_maps_url": "https://maps.google.com/?cid=16981836191676312499&g_mp=Cidnb29nbGUubWFwcy5wbGFjZXMudjEuUGxhY2VzLlNlYXJjaFRleHQQAhgEIAA",
    "price_level": 2,
    "rating": 4.6,
    "notes": "Menu text is partial (truncated sections), so other calamari dishes may exist. Linguine Pescatore includes calamari but is a multi-seafood dish and was excluded.",
    "last_checked": "2026-10-03"
   }
  },
  {
   "type": "Feature",
   "geometry": {
    "type": "Point",
    "coordinates": [
     -123.113398,
     49.278217
    ]
   },
   "properties": {
    "id": "ChIJ4RL7TnxxhlQRTQkUNQSm-NA",
    "name": "Frankie's Italian Vancouver",
    "address": "765 Beatty St, Vancouver, BC V6B 2M4, Canada",
    "price": 21.0,
    "dish": "Calamari Fritti",
    "items": [
     {
      "dish_name": "Calamari Fritti",
      "price": 21.0,
      "portion_note": "crispy fried squid strips, chili flakes with lime tartar sauce",
      "is_happy_hour": false
     }
    ],
    "confidence": "high",
    "price_source": "menu",
    "source_url": "https://www.frankiesitaliankitchen.ca/menu",
    "website": "https://www.frankiesitaliankitchen.ca/",
    "google_maps_url": "https://maps.google.com/?cid=15057967891113838925&g_mp=Cidnb29nbGUubWFwcy5wbGFjZXMudjEuUGxhY2VzLlNlYXJjaFRleHQQAhgEIAA",
    "price_level": 2,
    "rating": 4.4,
    "notes": "Menu text was a fragment, but the Calamari Fritti listing under Starters & Small Plates has a clear price of 21.",
    "last_checked": "2026-10-03"
   }
  },
  {
   "type": "Feature",
   "geometry": {
    "type": "Point",
    "coordinates": [
     -123.127584,
     49.279856
    ]
   },
   "properties": {
    "id": "ChIJ8VZC-uhzhlQRBKQHQaxgyxg",
    "name": "French Creek Pub",
    "address": "1100 Burrard St, Vancouver, BC V6Z 1Y7, Canada",
    "price": 21.0,
    "dish": "Calamari",
    "items": [
     {
      "dish_name": "Calamari",
      "price": 21.0,
      "portion_note": "Snack and share",
      "is_happy_hour": false
     }
    ],
    "confidence": "medium",
    "price_source": "menu",
    "source_url": "https://frenchcreekpub.com/menus/",
    "website": "https://www.frenchcreekpub.com/",
    "google_maps_url": "https://maps.google.com/?cid=1786627970124194820&g_mp=Cidnb29nbGUubWFwcy5wbGFjZXMudjEuUGxhY2VzLlNlYXJjaFRleHQQAhgEIAA",
    "price_level": 2,
    "rating": 4.8,
    "notes": "Menu is a scraped fragment shared between the Parksville and Vancouver locations, so the price may not be Vancouver-specific. No description or size is given for the Calamari. Party Boat includes calamari but is a multi-item platter and was excluded. Happy hour runs 3-5 daily but its menu prices were not shown.",
    "last_checked": "2026-10-03"
   }
  },
  {
   "type": "Feature",
   "geometry": {
    "type": "Point",
    "coordinates": [
     -123.101292,
     49.248494
    ]
   },
   "properties": {
    "id": "ChIJAQ4oXPdzhlQRQ8r6R7SkFpk",
    "name": "Locus Restaurant & Lounge",
    "address": "4121 Main St, Vancouver, BC V5V 3P6, Canada",
    "price": 21.0,
    "dish": "Humboldt Squid Two Ways",
    "items": [
     {
      "dish_name": "Humboldt Squid Two Ways",
      "price": 21.0,
      "portion_note": "Regular dinner menu, Spring/Summer 2026; masa-dusted fried and chimichurri-marinated grilled squid",
      "is_happy_hour": false
     },
     {
      "dish_name": "Humboldt Squid Two Ways",
      "price": 17.0,
      "portion_note": "Happy hour appetizer menu, daily 3-6 PM and 9 PM-close",
      "is_happy_hour": true
     },
     {
      "dish_name": "Humboldt Squid Two Ways",
      "price": 19.0,
      "portion_note": "Spring/Summer 2024 dinner menu (older)",
      "is_happy_hour": false
     }
    ],
    "confidence": "high",
    "price_source": "menu",
    "source_url": "https://locusonmain.com/wp-content/uploads/2026/04/Dinner-Menu-Spring-Summer-2026.pdf",
    "website": "https://locusonmain.com/",
    "google_maps_url": "https://maps.google.com/?cid=11031185431499295299&g_mp=Cidnb29nbGUubWFwcy5wbGFjZXMudjEuUGxhY2VzLlNlYXJjaFRleHQQAhgEIAA",
    "price_level": 2,
    "rating": 4.4,
    "notes": "Benchmark is from the most recent (2026) regular dinner menu. The 2024 menu listed the dish at $19, so the price has increased. Linguine Pescatore contains Humboldt squid but is a mixed-seafood dish and was excluded. Menu text was fragmentary, but the squid dish and price are clear.",
    "last_checked": "2026-10-03"
   }
  },
  {
   "type": "Feature",
   "geometry": {
    "type": "Point",
    "coordinates": [
     -123.120431,
     49.279399
    ]
   },
   "properties": {
    "id": "ChIJG3E_JH5xhlQRARNRbsTDHkw",
    "name": "Cibo Trattoria",
    "address": "900 Seymour St, Vancouver, BC V6B 3L9, Canada",
    "price": 21.0,
    "dish": "Grilled Humboldt Squid",
    "items": [
     {
      "dish_name": "Grilled Humboldt Squid",
      "price": 21.0,
      "portion_note": null,
      "is_happy_hour": false
     }
    ],
    "confidence": "medium",
    "price_source": "menu",
    "source_url": "https://www.cibotrattoria.com/_files/ugd/361098_04513922950341e39e88723c3728aa26.pdf",
    "website": "http://www.cibotrattoria.com/",
    "google_maps_url": "https://maps.google.com/?cid=5485036644615656193&g_mp=Cidnb29nbGUubWFwcy5wbGFjZXMudjEuUGxhY2VzLlNlYXJjaFRleHQQAhgEIAA",
    "price_level": 2,
    "rating": 4,
    "notes": "Only squid dish is grilled Humboldt squid (GF) with salsa verde and arugula, not fried calamari. Menu appears seasonal (spring pea arancini) and the text is possibly partial, so it may be outdated.",
    "last_checked": "2026-10-03"
   }
  },
  {
   "type": "Feature",
   "geometry": {
    "type": "Point",
    "coordinates": [
     -123.116192,
     49.209508
    ]
   },
   "properties": {
    "id": "ChIJIa_ZePZ0hlQR6Uj67grEe7o",
    "name": "Dublin Crossing - Vancouver",
    "address": "466 SW Marine Dr, Vancouver, BC V5X 0C4, Canada",
    "price": 21.0,
    "dish": "Calamari",
    "items": [
     {
      "dish_name": "Calamari",
      "price": 21.0,
      "portion_note": null,
      "is_happy_hour": false
     }
    ],
    "confidence": "high",
    "price_source": "menu",
    "source_url": "https://dublincrossingvancouver.com/menu/food/appies/",
    "website": "http://dublincrossingvancouver.com/",
    "google_maps_url": "https://maps.google.com/?cid=13437549464428103913&g_mp=Cidnb29nbGUubWFwcy5wbGFjZXMudjEuUGxhY2VzLlNlYXJjaFRleHQQAhgEIAA",
    "price_level": 2,
    "rating": 4.1,
    "notes": "Price of $21 is consistent across the website food page, the appies page, and the PDF menu. Happy hour menu was not included in the scraped text.",
    "last_checked": "2026-10-03"
   }
  },
  {
   "type": "Feature",
   "geometry": {
    "type": "Point",
    "coordinates": [
     -123.114094,
     49.277892
    ]
   },
   "properties": {
    "id": "ChIJVyiQs31xhlQRvTelBNrAipY",
    "name": "District Bar Restaurant Vancouver",
    "address": "121 Robson St, Vancouver, BC V6B 6P5, Canada",
    "price": 21.0,
    "dish": "Calamari",
    "items": [
     {
      "dish_name": "Calamari",
      "price": 21.0,
      "portion_note": "to share",
      "is_happy_hour": false
     },
     {
      "dish_name": "Calamari",
      "price": 16.0,
      "portion_note": "happy hour",
      "is_happy_hour": true
     }
    ],
    "confidence": "medium",
    "price_source": "menu",
    "source_url": "https://districtbar.ca/menu/",
    "website": "https://www.districtbar.ca/",
    "google_maps_url": "https://maps.google.com/?cid=10847694695088601021&g_mp=Cidnb29nbGUubWFwcy5wbGFjZXMudjEuUGxhY2VzLlNlYXJjaFRleHQQAhgEIAA",
    "price_level": 2,
    "rating": 4.1,
    "notes": "Menu text begins mid-page (fragment), so some items may be missing. Regular price is from the 'To Share (or Not)' section; happy hour price (Sun-Fri 2-5pm, 9-11pm) listed separately.",
    "last_checked": "2026-10-03"
   }
  },
  {
   "type": "Feature",
   "geometry": {
    "type": "Point",
    "coordinates": [
     -123.141333,
     49.287833
    ]
   },
   "properties": {
    "id": "ChIJecbdLCRzhlQR5zNwpp7WPVs",
    "name": "Papi's Seafood and Oyster Bar",
    "address": "1193 Denman St, Vancouver, BC V6G 2N1, Canada",
    "price": 21.0,
    "dish": "Calamari",
    "items": [
     {
      "dish_name": "Calamari",
      "price": 21.0,
      "portion_note": "regular menu appetizer; crispy jalapeños, pico de gallo, cilantro crema",
      "is_happy_hour": false
     },
     {
      "dish_name": "Calamari",
      "price": 17.0,
      "portion_note": "happy hour, 2-5 PM daily",
      "is_happy_hour": true
     },
     {
      "dish_name": "Calamari",
      "price": 21.0,
      "portion_note": "weekend brunch menu, starters & shareables",
      "is_happy_hour": false
     }
    ],
    "confidence": "high",
    "price_source": "menu",
    "source_url": "https://www.papisoysterbar.com/_files/ugd/2cf2fd_343b4d0797d24a36be1d2892153cad61.pdf",
    "website": "http://www.papisoysterbar.com/",
    "google_maps_url": "https://maps.google.com/?cid=6574647007916340199&g_mp=Cidnb29nbGUubWFwcy5wbGFjZXMudjEuUGxhY2VzLlNlYXJjaFRleHQQAhgEIAA",
    "price_level": 2,
    "rating": 4.2,
    "notes": "Seafood Linguini includes squid among several ingredients, so it was excluded. Regular and brunch calamari are both $21; happy hour is $17 and was not used for the benchmark.",
    "last_checked": "2026-10-03"
   }
  },
  {
   "type": "Feature",
   "geometry": {
    "type": "Point",
    "coordinates": [
     -123.139982,
     49.265483
    ]
   },
   "properties": {
    "id": "ChIJu2sq3MdzhlQRP7DJ2Q8Odls",
    "name": "Café Salade de Fruits",
    "address": "1545 W 7th Ave, Vancouver, BC V6J 1S2, Canada",
    "price": 21.0,
    "dish": "Deep Fried Calamari",
    "items": [
     {
      "dish_name": "Deep Fried Calamari",
      "price": 21.0,
      "portion_note": "lunch menu, with yogurt sauce",
      "is_happy_hour": false
     },
     {
      "dish_name": "Deep Fried Calamari",
      "price": 21.0,
      "portion_note": "dinner menu, with cucumber, garlic, lemon, fresh parsley",
      "is_happy_hour": false
     }
    ],
    "confidence": "high",
    "price_source": "menu",
    "source_url": "https://www.cafesaladedefruits.ca/",
    "website": "https://www.cafesaladedefruits.ca/",
    "google_maps_url": "https://maps.google.com/?cid=6590470565944471615&g_mp=Cidnb29nbGUubWFwcy5wbGFjZXMudjEuUGxhY2VzLlNlYXJjaFRleHQQAhgEIAA",
    "price_level": 2,
    "rating": 4.6,
    "notes": "Same price ($21) on both lunch and dinner menus. Menu says it evolves seasonally, so prices may change.",
    "last_checked": "2026-10-03"
   }
  },
  {
   "type": "Feature",
   "geometry": {
    "type": "Point",
    "coordinates": [
     -123.118639,
     49.26899
    ]
   },
   "properties": {
    "id": "ChIJwYWv4hxzhlQR9p8n5mPojow",
    "name": "Bae Side False Creek",
    "address": "601 Stamps Landing, Vancouver, BC V5Z 3Z1, Canada",
    "price": 21.0,
    "dish": "Calamari",
    "items": [
     {
      "dish_name": "Calamari",
      "price": 21.0,
      "portion_note": "Fried calamari, shishito peppers, serrano, dill, cajun spice",
      "is_happy_hour": false
     }
    ],
    "confidence": "medium",
    "price_source": "menu",
    "source_url": "https://baesideco.com/wp-content/uploads/2026/05/Bae-Side-Menu-2026.pdf",
    "website": "https://baesideco.com/",
    "google_maps_url": "https://maps.google.com/?cid=10128288127763587062&g_mp=Cidnb29nbGUubWFwcy5wbGFjZXMudjEuUGxhY2VzLlNlYXJjaFRleHQQAhgEIAA",
    "price_level": 2,
    "rating": 4,
    "notes": "Menu text is a scraped fragment with out-of-order layout. The price 21 appears directly before the 'Calamari' heading and its description, so it is likely the calamari price. It sits in the Shareables section, but the pairing is not fully certain.",
    "last_checked": "2026-10-03"
   }
  },
  {
   "type": "Feature",
   "geometry": {
    "type": "Point",
    "coordinates": [
     -123.185243,
     49.268811
    ]
   },
   "properties": {
    "id": "ChIJwzK8e_FzhlQRuQYxv1ebnqc",
    "name": "Zapoteca",
    "address": "3681 W 4th Ave, Vancouver, BC V6R 1P2, Canada",
    "price": 21.0,
    "dish": "Squid Chicharrones",
    "items": [
     {
      "dish_name": "Squid Chicharrones",
      "price": 21.0,
      "portion_note": "starter, to start or share",
      "is_happy_hour": false
     }
    ],
    "confidence": "medium",
    "price_source": "menu",
    "source_url": "https://zapoteca.com/kitsilano/menu-kitsilano/menu-dinner-kitsilano/",
    "website": "https://www.zapoteca.com/kitsilano",
    "google_maps_url": "https://maps.google.com/?cid=12078262051826370233&g_mp=Cidnb29nbGUubWFwcy5wbGFjZXMudjEuUGxhY2VzLlNlYXJjaFRleHQQAhgEIAA",
    "price_level": 2,
    "rating": 4.6,
    "notes": "Dinner menu text is truncated at the end (cuts off mid-item in the Traditionals section), so other squid mains may be missing. Squid Chicharrones is deep-fried strips of squid steak, which counts as a calamari-style dish.",
    "last_checked": "2026-10-03"
   }
  },
  {
   "type": "Feature",
   "geometry": {
    "type": "Point",
    "coordinates": [
     -123.109681,
     49.277885
    ]
   },
   "properties": {
    "id": "ChIJt1EDa3xxhlQRBJjbDcHFLvs",
    "name": "The Sportsbar LIVE! At Rogers Arena",
    "address": "99 W Georgia St, Vancouver, BC V6B 1Z3, Canada",
    "price": 21.25,
    "dish": "Fried Calamari",
    "items": [
     {
      "dish_name": "Fried Calamari",
      "price": 21.25,
      "portion_note": "to share; tzatziki, shishito peppers",
      "is_happy_hour": false
     }
    ],
    "confidence": "high",
    "price_source": "menu",
    "source_url": "https://thesportsbar.ca/wp-content/uploads/2026/03/TSB_DinnerMenu_25.26_Mar12.pdf",
    "website": "https://thesportsbar.ca/",
    "google_maps_url": "https://maps.google.com/?cid=18099621385400457220&g_mp=Cidnb29nbGUubWFwcy5wbGFjZXMudjEuUGxhY2VzLlNlYXJjaFRleHQQAhgEIAA",
    "price_level": null,
    "rating": 4.2,
    "notes": "Price 21¼ read as 21.25. Same price appears on both the Mar 2026 and Oct 2025 dinner menus. The scraped text is partial (some sections cut off), but the calamari line is clear.",
    "last_checked": "2026-10-03"
   }
  },
  {
   "type": "Feature",
   "geometry": {
    "type": "Point",
    "coordinates": [
     -123.128577,
     49.28679
    ]
   },
   "properties": {
    "id": "ChIJzbQmNodxhlQRQFhglplDaYg",
    "name": "Coco Rico Cafe",
    "address": "1290 Robson St, Vancouver, BC V6E 2B1, Canada",
    "price": 21.5,
    "dish": "Calamari",
    "items": [
     {
      "dish_name": "Calamari",
      "price": 21.5,
      "portion_note": "crispy golden calamari with sweet chili drizzle, fresh salad & tzatziki",
      "is_happy_hour": false
     }
    ],
    "confidence": "high",
    "price_source": "menu",
    "source_url": "https://cocoricocafe.ca/dinner/",
    "website": "https://www.cocoricocafe.ca/",
    "google_maps_url": "https://maps.google.com/?cid=9829461988644771904&g_mp=Cidnb29nbGUubWFwcy5wbGFjZXMudjEuUGxhY2VzLlNlYXJjaFRleHQQAhgEIAA",
    "price_level": 2,
    "rating": 4,
    "notes": "Price from the dinner menu; the scraped text is a fragment, but the calamari price is clearly paired with the dish.",
    "last_checked": "2026-10-03"
   }
  },
  {
   "type": "Feature",
   "geometry": {
    "type": "Point",
    "coordinates": [
     -123.045553,
     49.280846
    ]
   },
   "properties": {
    "id": "ChIJid_okiBxhlQRNtkJG1lV3d4",
    "name": "Pho Don",
    "address": "2838 E Hastings St #109, Vancouver, BC V5K 2C1, Canada",
    "price": 21.55,
    "dish": "Calamari (Muc Chien)",
    "items": [
     {
      "dish_name": "Calamari (Muc Chien)",
      "price": 21.55,
      "portion_note": null,
      "is_happy_hour": false
     },
     {
      "dish_name": "Squid Tentacles (Rau Muc)",
      "price": 21.55,
      "portion_note": null,
      "is_happy_hour": false
     }
    ],
    "confidence": "medium",
    "price_source": "menu",
    "source_url": "https://phodon.shop/menu",
    "website": "https://phodon.shop/",
    "google_maps_url": "https://maps.google.com/?cid=16059085687467137334&g_mp=Cidnb29nbGUubWFwcy5wbGFjZXMudjEuUGxhY2VzLlNlYXJjaFRleHQQAhgEIAA",
    "price_level": 2,
    "rating": 3.9,
    "notes": "Menu text is a fragment and cuts off mid-list. Calamari (Muc Chien) is listed under Appetizers at CA$21.55 and is used as the benchmark. Squid Tentacles (Rau Muc) is also CA$21.55. Prices appear to be delivery/online-ordering prices and may differ from in-restaurant prices.",
    "last_checked": "2026-10-03"
   }
  },
  {
   "type": "Feature",
   "geometry": {
    "type": "Point",
    "coordinates": [
     -123.065093,
     49.23616
    ]
   },
   "properties": {
    "id": "ChIJH2JAMh50hlQRJp-aHtMNvTg",
    "name": "Golden Swan Restaurant",
    "address": "5380 Victoria Dr, Vancouver, BC V5P 3V7, Canada",
    "price": 21.8,
    "dish": "Deep Fried Squid with Spicy Salt",
    "items": [
     {
      "dish_name": "Deep Fried Squid with Pepper & Spiced Salt",
      "price": 31.8,
      "portion_note": "takeout menu, seafood section",
      "is_happy_hour": false
     },
     {
      "dish_name": "Sauteed Squid with Vegetables",
      "price": 30.8,
      "portion_note": "takeout menu, seafood section",
      "is_happy_hour": false
     },
     {
      "dish_name": "Deep Fried Squid with Spicy Salt",
      "price": 21.8,
      "portion_note": "dinner menu, seafood section",
      "is_happy_hour": false
     },
     {
      "dish_name": "Sauteed Squid with Vegetable",
      "price": 20.8,
      "portion_note": "dinner menu, seafood section",
      "is_happy_hour": false
     },
     {
      "dish_name": "Deep Fried Fresh Squid",
      "price": 11.6,
      "portion_note": "dim sum special, item 8",
      "is_happy_hour": false
     },
     {
      "dish_name": "Deep Fried Squid with Pepper Salt",
      "price": 0.0,
      "portion_note": "lunch special appetizer A4, price shown only as a tier code (SK), not a dollar amount",
      "is_happy_hour": false
     }
    ],
    "confidence": "medium",
    "price_source": "menu",
    "source_url": "http://www.goldenswanrestaurant.com/dinnermenu.pdf",
    "website": "http://www.goldenswanrestaurant.com/?utm_source=google&utm_medium=maps&utm_campaign=website",
    "google_maps_url": "https://maps.google.com/?cid=4088439237124988710&g_mp=Cidnb29nbGUubWFwcy5wbGFjZXMudjEuUGxhY2VzLlNlYXJjaFRleHQQAhgEIAA",
    "price_level": 2,
    "rating": 3.9,
    "notes": "Chinese restaurant; squid dishes are mains/shared dishes rather than a dedicated calamari appetizer. Benchmark uses the Deep Fried Squid with Spicy Salt from the dinner menu, the closest to a standard fried calamari dish. The dim sum Deep Fried Fresh Squid ($11.60) is a cheaper small plate. The lunch special squid item (A4) has only a size-tier code, so its price of 0 is a placeholder and not a real price. Takeout menu prices are higher than the dinner menu, and menus may be outdated.",
    "last_checked": "2026-10-03"
   }
  },
  {
   "type": "Feature",
   "geometry": {
    "type": "Point",
    "coordinates": [
     -123.1364,
     49.263146
    ]
   },
   "properties": {
    "id": "ChIJEWTRCMdzhlQRFMr-oBhK68U",
    "name": "Broadway Chinese",
    "address": "1410 W Broadway, Vancouver, BC V6H 1H4, Canada",
    "price": 21.95,
    "dish": "72. Deep Fried Squid with Pepper Salt",
    "items": [
     {
      "dish_name": "72. Deep Fried Squid with Pepper Salt",
      "price": 21.95,
      "portion_note": "marked SOLD OUT at time of scrape",
      "is_happy_hour": false
     },
     {
      "dish_name": "74. Squid in Black Bean Sauce",
      "price": 19.95,
      "portion_note": "main dish",
      "is_happy_hour": false
     },
     {
      "dish_name": "73. Squid with Ginger & Onion",
      "price": 19.95,
      "portion_note": "main dish",
      "is_happy_hour": false
     },
     {
      "dish_name": "75. Squid with Snow Peas",
      "price": 19.95,
      "portion_note": "main dish",
      "is_happy_hour": false
     }
    ],
    "confidence": "medium",
    "price_source": "menu",
    "source_url": "https://www.zomi.menu/shop/broadwaychinese/pick-up/menu",
    "website": "https://broadwaychinese.zomi.menu/",
    "google_maps_url": "https://maps.google.com/?cid=14261574114639530516&g_mp=Cidnb29nbGUubWFwcy5wbGFjZXMudjEuUGxhY2VzLlNlYXJjaFRleHQQAhgEIAA",
    "price_level": 1,
    "rating": 2.9,
    "notes": "Benchmark is the Deep Fried Squid with Pepper Salt, the standard fried squid dish. It was marked SOLD OUT when scraped, but the price is printed. The other squid dishes are stir-fried mains at 19.95. The menu is a scraped fragment of an online ordering page, with prices as shown for pick-up and no appetizer section.",
    "last_checked": "2026-10-03"
   }
  },
  {
   "type": "Feature",
   "geometry": {
    "type": "Point",
    "coordinates": [
     -123.136612,
     49.270653
    ]
   },
   "properties": {
    "id": "ChIJr34m8M5zhlQRn3iyiebMMtI",
    "name": "The Vancouver Fish Company",
    "address": "1517 Anderson St, Vancouver, BC V6H 3R5, Canada",
    "price": 21.99,
    "dish": "Humboldt Squid",
    "items": [
     {
      "dish_name": "Humboldt Squid",
      "price": 21.99,
      "portion_note": "starter",
      "is_happy_hour": false
     }
    ],
    "confidence": "medium",
    "price_source": "menu",
    "source_url": "https://vanfish.com/menus/menus_dining_all_day/",
    "website": "https://www.vanfish.com/",
    "google_maps_url": "https://maps.google.com/?cid=15146393787325118623&g_mp=Cidnb29nbGUubWFwcy5wbGFjZXMudjEuUGxhY2VzLlNlYXJjaFRleHQQAhgEIAA",
    "price_level": 2,
    "rating": 4.3,
    "notes": "Humboldt Squid is a fried squid starter with citrus, za'atar and sumac yogurt. The scraped menu text is cut off after the Signatures section, though the Starters section appears complete. The Happy Hour and Late Night menus were not included and may list other squid prices.",
    "last_checked": "2026-10-03"
   }
  },
  {
   "type": "Feature",
   "geometry": {
    "type": "Point",
    "coordinates": [
     -123.056312,
     49.271673
    ]
   },
   "properties": {
    "id": "ChIJ1_gb-vVxhlQRe3g15Biv4Dc",
    "name": "Folietta",
    "address": "1480 Nanaimo St, Vancouver, BC V5L 2Z8, Canada",
    "price": 22.0,
    "dish": "Calamaro",
    "items": [
     {
      "dish_name": "Calamaro",
      "price": 22.0,
      "portion_note": "dinner menu antipasti; Humboldt squid, puttanesca, basil",
      "is_happy_hour": false
     },
     {
      "dish_name": "Calamaro",
      "price": 22.0,
      "portion_note": "lunch menu antipasti",
      "is_happy_hour": false
     },
     {
      "dish_name": "Calamaro",
      "price": 20.0,
      "portion_note": "brunch menu",
      "is_happy_hour": false
     }
    ],
    "confidence": "high",
    "price_source": "menu",
    "source_url": "https://www.folietta.com/_files/ugd/fc95b3_06328e31409542f69ee4582f6f75e844.pdf",
    "website": "https://www.folietta.com/",
    "google_maps_url": "https://maps.google.com/?cid=4026410588312008827&g_mp=Cidnb29nbGUubWFwcy5wbGFjZXMudjEuUGxhY2VzLlNlYXJjaFRleHQQAhgEIAA",
    "price_level": 2,
    "rating": 4.4,
    "notes": "Calamaro (Humboldt squid, puttanesca, basil) is $22 on both dinner and lunch menus; $20 on brunch menu (not used for benchmark). Dinner menu text is slightly truncated but the calamari price is clear.",
    "last_checked": "2026-10-03"
   }
  },
  {
   "type": "Feature",
   "geometry": {
    "type": "Point",
    "coordinates": [
     -123.153323,
     49.234399
    ]
   },
   "properties": {
    "id": "ChIJ6-34kDJzhlQRA2qW3zSb9Uk",
    "name": "26 Viet Cafe (Kerrisdale)",
    "address": "2044 W 41st Ave, Vancouver, BC V6M 1Y8, Canada",
    "price": 22.0,
    "dish": "Charcoal Fried Squid Tentacles",
    "items": [
     {
      "dish_name": "Charcoal Fried Squid Tentacles",
      "price": 22.0,
      "portion_note": "entree",
      "is_happy_hour": false
     }
    ],
    "confidence": "high",
    "price_source": "menu",
    "source_url": "https://www.zomi.menu/shop/26vietcafe/pick-up/menu",
    "website": "https://26vietcafe.zomi.menu/",
    "google_maps_url": "https://maps.google.com/?cid=5329336385454631427&g_mp=Cidnb29nbGUubWFwcy5wbGFjZXMudjEuUGxhY2VzLlNlYXJjaFRleHQQAhgEIAA",
    "price_level": 2,
    "rating": 4.2,
    "notes": "Only one squid dish, listed under Entree on the online pick-up menu (Zomi). Price may differ from the in-restaurant menu.",
    "last_checked": "2026-10-03"
   }
  },
  {
   "type": "Feature",
   "geometry": {
    "type": "Point",
    "coordinates": [
     -123.100269,
     49.284251
    ]
   },
   "properties": {
    "id": "ChIJV5W1NHFxhlQRAbJlOCVZW-c",
    "name": "Alibi Room",
    "address": "157 Alexander St, Vancouver, BC V6A 1B8, Canada",
    "price": 22.0,
    "dish": "Crispy Fried Calamari",
    "items": [
     {
      "dish_name": "Crispy Fried Calamari",
      "price": 22.0,
      "portion_note": "Squid rings, onion, sweet chili or garlic sauce, spring onion",
      "is_happy_hour": false
     }
    ],
    "confidence": "medium",
    "price_source": "menu",
    "source_url": "https://alibi.ca/food-cocktail-menu/",
    "website": "https://alibi.ca/",
    "google_maps_url": "https://maps.google.com/?cid=16671016462036873729&g_mp=Cidnb29nbGUubWFwcy5wbGFjZXMudjEuUGxhY2VzLlNlYXJjaFRleHQQAhgEIAA",
    "price_level": 2,
    "rating": 4.4,
    "notes": "The menu text is cut off partway through the tacos section, so it may be partial. The separate Happy Hour menu was not included, so any happy-hour calamari price is unknown.",
    "last_checked": "2026-10-03"
   }
  },
  {
   "type": "Feature",
   "geometry": {
    "type": "Point",
    "coordinates": [
     -123.12304,
     49.284797
    ]
   },
   "properties": {
    "id": "ChIJ_cDEUoBxhlQRCIVLWrVfO0A",
    "name": "Coast",
    "address": "1054 Alberni St, Vancouver, BC V6E 1A3, Canada",
    "price": 22.0,
    "dish": "Crispy Calamari",
    "items": [
     {
      "dish_name": "Crispy Calamari",
      "price": 22.0,
      "portion_note": "lunch appetizer",
      "is_happy_hour": false
     },
     {
      "dish_name": "Crispy Calamari",
      "price": 22.0,
      "portion_note": "dinner appetizer",
      "is_happy_hour": false
     },
     {
      "dish_name": "Calamari",
      "price": 15.0,
      "portion_note": "happy hour",
      "is_happy_hour": true
     }
    ],
    "confidence": "high",
    "price_source": "menu",
    "source_url": "https://www.glowbalgroup.com/coast/",
    "website": "https://www.glowbalgroup.com/coast/",
    "google_maps_url": "https://maps.google.com/?cid=4628398274561934600&g_mp=Cidnb29nbGUubWFwcy5wbGFjZXMudjEuUGxhY2VzLlNlYXJjaFRleHQQAhgEIAA",
    "price_level": null,
    "rating": 4.7,
    "notes": "Regular lunch and dinner menus both list Crispy Calamari at $22. Happy hour calamari is $15 (Mon-Fri 2-5pm, Sat-Sun 11:30am-5pm). The catering PDF's seafood paella includes calamari but was excluded because squid is one of several ingredients.",
    "last_checked": "2026-10-03"
   }
  },
  {
   "type": "Feature",
   "geometry": {
    "type": "Point",
    "coordinates": [
     -123.118859,
     49.278439
    ]
   },
   "properties": {
    "id": "ChIJk5D8YERxhlQRbJ_4S2KU7c0",
    "name": "Tutto Italian Restaurant & Bar",
    "address": "901 Homer St, Vancouver, BC V6B 2W6, Canada",
    "price": 22.0,
    "dish": "Grilled Calamari",
    "items": [
     {
      "dish_name": "Grilled Calamari",
      "price": 22.0,
      "portion_note": "lunch menu; puttanesca, olive tapenade",
      "is_happy_hour": false
     },
     {
      "dish_name": "Grilled Calamari",
      "price": 22.0,
      "portion_note": "dinner menu; puttanesca, olive tapenade",
      "is_happy_hour": false
     },
     {
      "dish_name": "Grilled Calamari",
      "price": 15.0,
      "portion_note": "happy hour, Mon-Fri 2:30-5",
      "is_happy_hour": true
     }
    ],
    "confidence": "high",
    "price_source": "menu",
    "source_url": "https://tuttorestaurant.ca/dinner",
    "website": "http://www.tuttorestaurant.ca/",
    "google_maps_url": "https://maps.google.com/?cid=14838679497157943148&g_mp=Cidnb29nbGUubWFwcy5wbGFjZXMudjEuUGxhY2VzLlNlYXJjaFRleHQQAhgEIAA",
    "price_level": null,
    "rating": 4.4,
    "notes": "Regular lunch and dinner menus both list Grilled Calamari at $22. Happy hour price of $15 excluded from benchmark.",
    "last_checked": "2026-10-03"
   }
  },
  {
   "type": "Feature",
   "geometry": {
    "type": "Point",
    "coordinates": [
     -123.113011,
     49.287018
    ]
   },
   "properties": {
    "id": "ChIJlyu4u4NxhlQRkUpN_iFwl8Q",
    "name": "Miku Vancouver",
    "address": "200 Granville St #70, Vancouver, BC V6C 1S4, Canada",
    "price": 22.0,
    "dish": "Calamari",
    "items": [
     {
      "dish_name": "Calamari",
      "price": 22.0,
      "portion_note": "squid in tempura batter, tsukemono, tosazu; appetizer",
      "is_happy_hour": false
     }
    ],
    "confidence": "high",
    "price_source": "menu",
    "source_url": "http://mikurestaurant.com/menu/",
    "website": "http://www.mikurestaurant.com/",
    "google_maps_url": "https://maps.google.com/?cid=14165914444219894417&g_mp=Cidnb29nbGUubWFwcy5wbGFjZXMudjEuUGxhY2VzLlNlYXJjaFRleHQQAhgEIAA",
    "price_level": null,
    "rating": 4.6,
    "notes": "Calamari appears on both lunch and dinner appetizer lists at $22. Spicy Kaisen Soba Peperoncino includes squid among several ingredients, so it was excluded. Octopus ($31) is not squid and was excluded. Menu text was duplicated across two URLs with the same content.",
    "last_checked": "2026-10-03"
   }
  },
  {
   "type": "Feature",
   "geometry": {
    "type": "Point",
    "coordinates": [
     -123.159347,
     49.2348
    ]
   },
   "properties": {
    "id": "ChIJvbNgGURzhlQRo4FYCF5XYIs",
    "name": "Penny Penny Coffee",
    "address": "2285 W 41st Ave, Vancouver, BC V6M 2A3, Canada",
    "price": 22.0,
    "dish": "CHARCOAL FRIED SQUID TENTACLES",
    "items": [
     {
      "dish_name": "CHARCOAL FRIED SQUID TENTACLES",
      "price": 22.0,
      "portion_note": "entree",
      "is_happy_hour": false
     }
    ],
    "confidence": "low",
    "price_source": "menu",
    "source_url": "https://www.zomi.menu/shop/26vietcafe/pick-up/menu",
    "website": "https://pennypennycoffee.zomi.menu/",
    "google_maps_url": "https://maps.google.com/?cid=10043123230414766499&g_mp=Cidnb29nbGUubWFwcy5wbGFjZXMudjEuUGxhY2VzLlNlYXJjaFRleHQQAhgEIAA",
    "price_level": 1,
    "rating": 4.8,
    "notes": "The scraped menu is for @26 Viet Cafe (zomi.menu/shop/26vietcafe), not Penny Penny Coffee, so it likely belongs to a different restaurant. The squid dish is listed under Entrees, not appetizers. Verify against Penny Penny Coffee's own menu before using this price.",
    "last_checked": "2026-10-03"
   }
  },
  {
   "type": "Feature",
   "geometry": {
    "type": "Point",
    "coordinates": [
     -123.051691,
     49.281548
    ]
   },
   "properties": {
    "id": "ChIJwdQdFgBxhlQRSdNAsu9zVFE",
    "name": "Selene Aegean Bistro",
    "address": "360 Penticton St, Vancouver, BC V5K 1Z5, Canada",
    "price": 22.0,
    "dish": "Kalamari",
    "items": [
     {
      "dish_name": "Kalamari",
      "price": 22.0,
      "portion_note": "dinner Half Moon; fried squid, local peppers & jalapeno, tzatziki",
      "is_happy_hour": false
     },
     {
      "dish_name": "Kalamari",
      "price": 20.0,
      "portion_note": "happy hour",
      "is_happy_hour": true
     }
    ],
    "confidence": "high",
    "price_source": "menu",
    "source_url": "https://seleneagn.com/dinner/",
    "website": "http://www.seleneagn.com/",
    "google_maps_url": "https://maps.google.com/?cid=5860436488440828745&g_mp=Cidnb29nbGUubWFwcy5wbGFjZXMudjEuUGxhY2VzLlNlYXJjaFRleHQQAhgEIAA",
    "price_level": null,
    "rating": 4.5,
    "notes": "Happy hour Kalamari is $20 (listed in items only). The dinner menu price is $22.",
    "last_checked": "2026-10-03"
   }
  },
  {
   "type": "Feature",
   "geometry": {
    "type": "Point",
    "coordinates": [
     -123.117398,
     49.281531
    ]
   },
   "properties": {
    "id": "ChIJ184e4X5xhlQREgkeHvFAYwE",
    "name": "Glowbal",
    "address": "590 W Georgia St, Vancouver, BC V6E 1A3, Canada",
    "price": 23.0,
    "dish": "Crispy Humboldt Calamari",
    "items": [
     {
      "dish_name": "Crispy Humboldt Calamari",
      "price": 23.0,
      "portion_note": "lunch appetizer",
      "is_happy_hour": false
     },
     {
      "dish_name": "Crispy Humboldt Calamari",
      "price": 23.0,
      "portion_note": "dinner small plate",
      "is_happy_hour": false
     },
     {
      "dish_name": "Humboldt Calamari",
      "price": 15.0,
      "portion_note": "happy hour share plate",
      "is_happy_hour": true
     }
    ],
    "confidence": "high",
    "price_source": "menu",
    "source_url": "https://glowbalgroup.com/glowbal/",
    "website": "https://glowbalgroup.com/glowbal/",
    "google_maps_url": "https://maps.google.com/?cid=99995021068863762&g_mp=Cidnb29nbGUubWFwcy5wbGFjZXMudjEuUGxhY2VzLlNlYXJjaFRleHQQAhgEIAA",
    "price_level": null,
    "rating": 4.6,
    "notes": "Regular lunch and dinner menus both list Crispy Humboldt Calamari at $23. Happy hour (daily 2-5pm) price is $15. Cioppino on the executive lunch menu contains squid among other seafood, so it was not counted.",
    "last_checked": "2026-10-03"
   }
  },
  {
   "type": "Feature",
   "geometry": {
    "type": "Point",
    "coordinates": [
     -123.126733,
     49.277735
    ]
   },
   "properties": {
    "id": "ChIJ_8YuKwBzhlQRgVdmf4CSdL4",
    "name": "AURA Vietnamese Cuisine and Bar",
    "address": "781 Davie St, Vancouver, BC V6Z 2S7, Canada",
    "price": 23.0,
    "dish": "Grilled Squid",
    "items": [
     {
      "dish_name": "Grilled Squid",
      "price": 23.0,
      "portion_note": null,
      "is_happy_hour": false
     }
    ],
    "confidence": "medium",
    "price_source": "menu",
    "source_url": "https://www.auradining.ca/our-menu/",
    "website": "https://www.auradining.ca/",
    "google_maps_url": "https://maps.google.com/?cid=13723755045095626625&g_mp=Cidnb29nbGUubWFwcy5wbGFjZXMudjEuUGxhY2VzLlNlYXJjaFRleHQQAhgEIAA",
    "price_level": 2,
    "rating": 4.8,
    "notes": "Grilled Squid is listed under the Grilled section, not as a fried calamari appetizer. The Aura Platter (109) includes grilled squid but is a mixed platter, so it was excluded. The menu text is truncated at the end, so it may be partial.",
    "last_checked": "2026-10-03"
   }
  },
  {
   "type": "Feature",
   "geometry": {
    "type": "Point",
    "coordinates": [
     -123.120928,
     49.275665
    ]
   },
   "properties": {
    "id": "ChIJefmz9dZzhlQRCnVoCGiuGYs",
    "name": "Yaletown Brewing Company",
    "address": "1111 Mainland St, Vancouver, BC V6B 5L1, Canada",
    "price": 23.0,
    "dish": "Chilli Squid",
    "items": [
     {
      "dish_name": "Chilli Squid",
      "price": 23.0,
      "portion_note": "served with tzatziki; pineapple cut squid, fried",
      "is_happy_hour": false
     }
    ],
    "confidence": "high",
    "price_source": "menu",
    "source_url": "https://yaletownbrewing.com/food-menu/",
    "website": "https://yaletownbrewing.com/",
    "google_maps_url": "https://maps.google.com/?cid=10023234207530644746&g_mp=Cidnb29nbGUubWFwcy5wbGFjZXMudjEuUGxhY2VzLlNlYXJjaFRleHQQAhgEIAA",
    "price_level": null,
    "rating": 4,
    "notes": "Chilli Squid is $23.00 on both the website food menu and the PDF menu, so the sources agree. The dish is listed among the starters.",
    "last_checked": "2026-10-03"
   }
  },
  {
   "type": "Feature",
   "geometry": {
    "type": "Point",
    "coordinates": [
     -123.115266,
     49.287915
    ]
   },
   "properties": {
    "id": "ChIJk6nj4NlxhlQRz0kVe0cCy1I",
    "name": "Riley's Vancouver",
    "address": "200 Burrard St, Vancouver, BC V6C 3M1, Canada",
    "price": 23.0,
    "dish": "Salt & Pepper Calamari",
    "items": [
     {
      "dish_name": "Salt & Pepper Calamari",
      "price": 23.0,
      "portion_note": "appetizer",
      "is_happy_hour": false
     },
     {
      "dish_name": "Salt & Pepper Calamari",
      "price": 15.0,
      "portion_note": "happy hour, daily 2-5PM",
      "is_happy_hour": true
     }
    ],
    "confidence": "high",
    "price_source": "menu",
    "source_url": "https://rileysrestaurant.ca/menu/",
    "website": "https://rileysrestaurant.ca/",
    "google_maps_url": "https://maps.google.com/?cid=5965864637413280207&g_mp=Cidnb29nbGUubWFwcy5wbGFjZXMudjEuUGxhY2VzLlNlYXJjaFRleHQQAhgEIAA",
    "price_level": 4,
    "rating": 4.7,
    "notes": "Regular price of $23 appears consistently on lunch, brunch and dinner appetizer menus. Happy hour price of $15 listed separately. Scraped text had some truncated sections.",
    "last_checked": "2026-10-03"
   }
  },
  {
   "type": "Feature",
   "geometry": {
    "type": "Point",
    "coordinates": [
     -123.208976,
     49.263447
    ]
   },
   "properties": {
    "id": "ChIJoc4HzeVyhlQRaf2pPoGnDE8",
    "name": "The Kitchen",
    "address": "2620 Sasamat St, Vancouver, BC V6R 4A8, Canada",
    "price": 23.0,
    "dish": "Spicy Stir-Fried Squid",
    "items": [
     {
      "dish_name": "Spicy Stir-Fried Squid",
      "price": 23.0,
      "portion_note": "meal/main",
      "is_happy_hour": false
     }
    ],
    "confidence": "medium",
    "price_source": "menu",
    "source_url": "https://thekitchenc.menu11.com/vancouver/order",
    "website": "https://thekitchenc.menu11.com/vancouver/order",
    "google_maps_url": "https://maps.google.com/?cid=5696111802260782441&g_mp=Cidnb29nbGUubWFwcy5wbGFjZXMudjEuUGxhY2VzLlNlYXJjaFRleHQQAhgEIAA",
    "price_level": 2,
    "rating": 4.7,
    "notes": "The only squid dish is a Korean stir-fried squid main (ojingeo bokkeum) in the Meal section; there is no fried calamari appetizer. In this section each price appears to follow its dish name, so $23.00 is assigned to this dish. The scraped layout is jumbled, so a reviewer should confirm the pairing.",
    "last_checked": "2026-10-03"
   }
  },
  {
   "type": "Feature",
   "geometry": {
    "type": "Point",
    "coordinates": [
     -123.125533,
     49.263647
    ]
   },
   "properties": {
    "id": "ChIJ20xTtk9zhlQRT1M0QJ-Mrqg",
    "name": "Chef's Choice Seafood Restaurant",
    "address": "955 W Broadway, Vancouver, BC V5Z 1K3, Canada",
    "price": 23.8,
    "dish": "Deep-Fried Calamari with Salt & Chilli (椒鹽鮮魷)",
    "items": [
     {
      "dish_name": "Deep-Fried Calamari with Salt & Chilli (椒鹽鮮魷)",
      "price": 23.8,
      "portion_note": "lunch menu, Kitchen Specialties",
      "is_happy_hour": false
     }
    ],
    "confidence": "medium",
    "price_source": "menu",
    "source_url": "https://chefschoice955.ca/lunch_menu/",
    "website": "https://chefschoice955.ca/",
    "google_maps_url": "https://maps.google.com/?cid=12154807059924407119&g_mp=Cidnb29nbGUubWFwcy5wbGFjZXMudjEuUGxhY2VzLlNlYXJjaFRleHQQAhgEIAA",
    "price_level": 2,
    "rating": 4.2,
    "notes": "Price comes from the lunch menu only; the text is a fragment (it starts mid-page), so the dinner menu price may differ. Only one calamari dish is listed. The seafood congee, seafood fried rice, and seafood chow mein were not counted because squid is not their main ingredient.",
    "last_checked": "2026-10-03"
   }
  },
  {
   "type": "Feature",
   "geometry": {
    "type": "Point",
    "coordinates": [
     -123.09087,
     49.230227
    ]
   },
   "properties": {
    "id": "ChIJ8Y-7fhR0hlQRRz7cZ_Zn2c0",
    "name": "Angel Cake Cafe",
    "address": "5995 Fraser St, Vancouver, BC V5W 2Z5, Canada",
    "price": 23.95,
    "dish": "Deep Fried Squid W/ Spicy Salt",
    "items": [
     {
      "dish_name": "Deep Fried Squid W/ Spicy Salt",
      "price": 23.95,
      "portion_note": "Chinese dish special; includes soup of the day and one steamed rice",
      "is_happy_hour": false
     },
     {
      "dish_name": "Squid & Tung Choy W/ Malay Sambal Sauce",
      "price": 24.95,
      "portion_note": "Chinese dish special; includes soup of the day and one steamed rice",
      "is_happy_hour": false
     }
    ],
    "confidence": "medium",
    "price_source": "menu",
    "source_url": "https://www.zomi.menu/shop/angelcafe/pick-up/menu",
    "website": "https://www.zomi.menu/shop/angelcafe",
    "google_maps_url": "https://maps.google.com/?cid=14833001155723542087&g_mp=Cidnb29nbGUubWFwcy5wbGFjZXMudjEuUGxhY2VzLlNlYXJjaFRleHQQAhgEIAA",
    "price_level": 2,
    "rating": 3.9,
    "notes": "Squid dishes are Chinese-style entrees that include soup and rice, not a standalone appetizer. Deep Fried Squid W/ Spicy Salt is the closest to a standard fried calamari. The menu text is a fragment and may be incomplete. Sautéed Prawn, Sole Filet & Squid W/ Broccoli was excluded because squid is only one of several ingredients.",
    "last_checked": "2026-10-03"
   }
  },
  {
   "type": "Feature",
   "geometry": {
    "type": "Point",
    "coordinates": [
     -123.06941,
     49.274385
    ]
   },
   "properties": {
    "id": "ChIJMR3gqj9xhlQRvGJBKCZn1DY",
    "name": "Kulinarya Filipino Eatery",
    "address": "1134 Commercial Dr, Vancouver, BC V5L 3X2, Canada",
    "price": 24.0,
    "dish": "Inihaw na Pusit",
    "items": [
     {
      "dish_name": "Inihaw na Pusit",
      "price": 24.0,
      "portion_note": "stuffed grilled squid with tomato, onions, and tamarind; main/favorite",
      "is_happy_hour": false
     },
     {
      "dish_name": "Pancit Pusit",
      "price": 27.0,
      "portion_note": "glass noodles with squid ink sauce and fried squid tentacles; noodle dish",
      "is_happy_hour": false
     }
    ],
    "confidence": "medium",
    "price_source": "menu",
    "source_url": "https://kulinarya.ca/vancouver/index.php",
    "website": "http://www.kulinarya.ca/",
    "google_maps_url": "https://maps.google.com/?cid=3950896186692559548&g_mp=Cidnb29nbGUubWFwcy5wbGFjZXMudjEuUGxhY2VzLlNlYXJjaFRleHQQAhgEIAA",
    "price_level": 2,
    "rating": 4.5,
    "notes": "No standard fried calamari appetizer. Benchmark uses Inihaw na Pusit (stuffed grilled squid, listed under Paborito), the dish where squid is the main ingredient. Pancit Pusit is a noodle dish with squid and is listed for reference only. Menu text was partially truncated and prices are subject to change.",
    "last_checked": "2026-10-03"
   }
  },
  {
   "type": "Feature",
   "geometry": {
    "type": "Point",
    "coordinates": [
     -123.114106,
     49.278608
    ]
   },
   "properties": {
    "id": "ChIJW1pAMXxxhlQRNjNjIzra2fA",
    "name": "Fanny Bay Oyster Bar & Shellfish Market",
    "address": "762 Cambie St., Vancouver, BC V6B 2P2, Canada",
    "price": 24.0,
    "dish": "Calamari",
    "items": [
     {
      "dish_name": "Calamari",
      "price": 24.0,
      "portion_note": "Cajun spiced & battered Baja Humboldt squid, tartar sauce",
      "is_happy_hour": false
     }
    ],
    "confidence": "high",
    "price_source": "menu",
    "source_url": "https://www.fannybayoysters.com/uploads/pdf/2026summermenumaster.pdf",
    "website": "http://www.fannybayoysters.com/location/oyster-bar--shellfish-market",
    "google_maps_url": "https://maps.google.com/?cid=17355142582285579062&g_mp=Cidnb29nbGUubWFwcy5wbGFjZXMudjEuUGxhY2VzLlNlYXJjaFRleHQQAhgEIAA",
    "price_level": 2,
    "rating": 4.5,
    "notes": "Calamari appears only on the regular Appetizers & Mains menu; it is not on the happy hour, brunch, or kids menus. Grilled Octopus (38) and Paella (octopus among several ingredients) were excluded.",
    "last_checked": "2026-10-03"
   }
  },
  {
   "type": "Feature",
   "geometry": {
    "type": "Point",
    "coordinates": [
     -123.124553,
     49.284949
    ]
   },
   "properties": {
    "id": "ChIJiUwIWIBxhlQRzKG3k_9C-T8",
    "name": "Joe Fortes Seafood & Chop House",
    "address": "777 Thurlow St, Vancouver, BC V6E 3V5, Canada",
    "price": 24.0,
    "dish": "Crispy Calamari",
    "items": [
     {
      "dish_name": "Crispy Calamari",
      "price": 24.0,
      "portion_note": "dinner menu, hot appetizer; chilis, sun-dried tomato aïoli",
      "is_happy_hour": false
     },
     {
      "dish_name": "Crispy Calamari",
      "price": 24.0,
      "portion_note": "lunch menu, hot appetizer",
      "is_happy_hour": false
     },
     {
      "dish_name": "Crispy Calamari",
      "price": 24.0,
      "portion_note": "brunch menu, hot appetizer",
      "is_happy_hour": false
     }
    ],
    "confidence": "high",
    "price_source": "menu",
    "source_url": "https://www.joefortes.ca/wp-content/uploads/2026/05/156939-CFWC-Joe-Fortes-Dinner-4-May2026-V2-P6.pdf",
    "website": "http://www.joefortes.ca/",
    "google_maps_url": "https://maps.google.com/?cid=4609789359052792268&g_mp=Cidnb29nbGUubWFwcy5wbGFjZXMudjEuUGxhY2VzLlNlYXJjaFRleHQQAhgEIAA",
    "price_level": null,
    "rating": 4.5,
    "notes": "Crispy Calamari is $24 on the dinner, lunch and brunch menus (May 2026). Cioppino contains calamari among other seafood and was excluded. No happy hour menu was included in the scraped text.",
    "last_checked": "2026-10-03"
   }
  },
  {
   "type": "Feature",
   "geometry": {
    "type": "Point",
    "coordinates": [
     -123.206382,
     49.263933
    ]
   },
   "properties": {
    "id": "ChIJGdsIU-RyhlQRRpbfk63Xtcg",
    "name": "Ginger & Chili Restaurant",
    "address": "4409 W 10th Ave, Vancouver, BC V6R 2H8, Canada",
    "price": 24.95,
    "dish": "Deep Fried Squid in Peppery Salt (椒鹽鮮魷)",
    "items": [
     {
      "dish_name": "Deep Fried Squid in Peppery Salt (椒鹽鮮魷)",
      "price": 24.95,
      "portion_note": "dinner menu seafood main",
      "is_happy_hour": false
     },
     {
      "dish_name": "Deep Fried Squid in Peppery Salt",
      "price": 21.95,
      "portion_note": "lunch combo E with rice, salad, soup/spring roll",
      "is_happy_hour": false
     }
    ],
    "confidence": "high",
    "price_source": "menu",
    "source_url": "https://gingerandchili.ca/vancouver-ginger-and-chili-food-menu",
    "website": "http://gingerandchili.ca/",
    "google_maps_url": "https://maps.google.com/?cid=14462702918880433734&g_mp=Cidnb29nbGUubWFwcy5wbGFjZXMudjEuUGxhY2VzLlNlYXJjaFRleHQQAhgEIAA",
    "price_level": 2,
    "rating": 4,
    "notes": "No calamari appetizer; benchmark is the regular dinner-menu salt & pepper squid listed under Seafood mains. A lunch combo version at $21.95 includes sides.",
    "last_checked": "2026-10-03"
   }
  },
  {
   "type": "Feature",
   "geometry": {
    "type": "Point",
    "coordinates": [
     -123.08993,
     49.249654
    ]
   },
   "properties": {
    "id": "ChIJ41FXwohzhlQRDIiPRXy81Ms",
    "name": "Bonjour Vietnam Bistro & Cocktail Bar",
    "address": "3944 Fraser St, Vancouver, BC V5V 4E4, Canada",
    "price": 25.0,
    "dish": "Grilled Whole Squid",
    "items": [
     {
      "dish_name": "Grilled Whole Squid",
      "price": 25.0,
      "portion_note": "appetizer",
      "is_happy_hour": false
     }
    ],
    "confidence": "medium",
    "price_source": "menu",
    "source_url": "https://www.bonjourvietnambistro.com/menu",
    "website": "https://www.bonjourvietnambistro.com/",
    "google_maps_url": "https://maps.google.com/?cid=14687571526691031052&g_mp=Cidnb29nbGUubWFwcy5wbGFjZXMudjEuUGxhY2VzLlNlYXJjaFRleHQQAhgEIAA",
    "price_level": 2,
    "rating": 4.4,
    "notes": "Menu text is truncated and the online-order menu is described as limited, so the full menu may include other squid dishes. The only squid dish found is the Grilled Whole Squid appetizer with garlic confit and lemongrass calamansi dressing.",
    "last_checked": "2026-10-03"
   }
  },
  {
   "type": "Feature",
   "geometry": {
    "type": "Point",
    "coordinates": [
     -123.126139,
     49.285261
    ]
   },
   "properties": {
    "id": "ChIJ7WzZ7IBxhlQRSVRBfdNFvfQ",
    "name": "CinCin Ristorante + Bar",
    "address": "1154 Robson St, Vancouver, BC V6E 1B2, Canada",
    "price": 25.0,
    "dish": "grilled humboldt squid, chili and lemon",
    "items": [
     {
      "dish_name": "grilled humboldt squid, chili and lemon",
      "price": 25.0,
      "portion_note": "first course; with cannellini beans, arugula",
      "is_happy_hour": false
     }
    ],
    "confidence": "high",
    "price_source": "menu",
    "source_url": "https://cincin.net/food/first/",
    "website": "https://cincin.net/?utm_source=GoogleBusinessProfile&utm_medium=Website&utm_campaign=MapLabs",
    "google_maps_url": "https://maps.google.com/?cid=17635328490494579785&g_mp=Cidnb29nbGUubWFwcy5wbGFjZXMudjEuUGxhY2VzLlNlYXJjaFRleHQQAhgEIAA",
    "price_level": null,
    "rating": 4.6,
    "notes": "Only one squid-focused dish: grilled humboldt squid (not fried calamari) in the First course section. The linguine with prawns, clams and humboldt squid was excluded since squid is one of several ingredients.",
    "last_checked": "2026-10-03"
   }
  },
  {
   "type": "Feature",
   "geometry": {
    "type": "Point",
    "coordinates": [
     -123.11638,
     49.285779
    ]
   },
   "properties": {
    "id": "ChIJM8nta4JxhlQRbETCrxUtj68",
    "name": "Dahlia",
    "address": "833 W Pender St, Vancouver, BC V6C 3B2, Canada",
    "price": 25.0,
    "dish": "Calamari",
    "items": [
     {
      "dish_name": "Calamari",
      "price": 25.0,
      "portion_note": "Crispy Calamari, Pepperoncini, Parsley, Cajun, Garlic Aioli (small plates)",
      "is_happy_hour": false
     }
    ],
    "confidence": "high",
    "price_source": "menu",
    "source_url": "https://dahlia-restaurant.ca/wp-content/uploads/2025/09/Dahlia-Aug-Menu.pdf",
    "website": "https://dahlia-restaurant.ca/",
    "google_maps_url": "https://maps.google.com/?cid=12650379449473320044&g_mp=Cidnb29nbGUubWFwcy5wbGFjZXMudjEuUGxhY2VzLlNlYXJjaFRleHQQAhgEIAA",
    "price_level": 2,
    "rating": 4.5,
    "notes": "Menu version V7, August 2025. Single calamari dish listed under small plates; no size options or happy hour pricing shown.",
    "last_checked": "2026-10-03"
   }
  },
  {
   "type": "Feature",
   "geometry": {
    "type": "Point",
    "coordinates": [
     -123.097724,
     49.284201
    ]
   },
   "properties": {
    "id": "ChIJe-XLV3FxhlQRp_RhBdLadTM",
    "name": "Ask For Luigi Restaurant",
    "address": "305 Alexander St, Vancouver, BC V6A 1C4, Canada",
    "price": 25.0,
    "dish": "calamari e zucchini scapese",
    "items": [
     {
      "dish_name": "calamari e zucchini scapese",
      "price": 25.0,
      "portion_note": "antipasti, lunch menu",
      "is_happy_hour": false
     },
     {
      "dish_name": "calamari e zucchini scapese",
      "price": 25.0,
      "portion_note": "antipasti, dinner menu",
      "is_happy_hour": false
     }
    ],
    "confidence": "high",
    "price_source": "menu",
    "source_url": "https://www.askforluigi.com/dinner",
    "website": "http://www.askforluigi.com/",
    "google_maps_url": "https://maps.google.com/?cid=3708110463777764519&g_mp=Cidnb29nbGUubWFwcy5wbGFjZXMudjEuUGxhY2VzLlNlYXJjaFRleHQQAhgEIAA",
    "price_level": 2,
    "rating": 4.6,
    "notes": "Calamari listed as 'calamari e zucchini scapese' with no description of ingredients; assumed squid is the main ingredient. Same price on lunch and dinner menus.",
    "last_checked": "2026-10-03"
   }
  },
  {
   "type": "Feature",
   "geometry": {
    "type": "Point",
    "coordinates": [
     -123.065613,
     49.237047
    ]
   },
   "properties": {
    "id": "ChIJzfjZIR50hlQRNIWisuSIk_U",
    "name": "Sandy La Chinese Restaurant",
    "address": "5257 Victoria Dr, Vancouver, BC V5P 3V4, Canada",
    "price": 25.95,
    "dish": "Deep Fried Squid with Peppery Salt (Appetizer #7)",
    "items": [
     {
      "dish_name": "Deep Fried Squid with Peppery Salt (Appetizer #7)",
      "price": 25.95,
      "portion_note": "appetizer",
      "is_happy_hour": false
     },
     {
      "dish_name": "Deep Fried Squid with Peppery Salt (Seafood #53)",
      "price": 25.95,
      "portion_note": "seafood dish",
      "is_happy_hour": false
     },
     {
      "dish_name": "Fresh Squid with Green Pepper & Black Pepper Sauce",
      "price": 25.95,
      "portion_note": "seafood dish",
      "is_happy_hour": false
     },
     {
      "dish_name": "Deep Fried Squid with Peppery Salt (Late Night Menu #18)",
      "price": 14.95,
      "portion_note": "late night menu, after 9pm",
      "is_happy_hour": false
     },
     {
      "dish_name": "Squid with Green Pepper in Black Bean Sauce (Late Night Menu #19)",
      "price": 14.95,
      "portion_note": "late night menu, after 9pm",
      "is_happy_hour": false
     }
    ],
    "confidence": "medium",
    "price_source": "menu",
    "source_url": "https://sandylachineserestaurant.com/en/menu",
    "website": "https://sandylachineserestaurant.com/",
    "google_maps_url": "https://maps.google.com/?cid=17695637876699727156&g_mp=Cidnb29nbGUubWFwcy5wbGFjZXMudjEuUGxhY2VzLlNlYXJjaFRleHQQAhgEIAA",
    "price_level": 2,
    "rating": 3.8,
    "notes": "Menu text is partial with truncated sections. Benchmark is the regular appetizer Deep Fried Squid with Peppery Salt (#7). Late-night menu (after 9pm) prices are lower, and dried squid stir-fries and other squid dishes were not listed as items.",
    "last_checked": "2026-10-03"
   }
  },
  {
   "type": "Feature",
   "geometry": {
    "type": "Point",
    "coordinates": [
     -123.115788,
     49.285542
    ]
   },
   "properties": {
    "id": "ChIJP9IvbIJxhlQRMbVReWghV0E",
    "name": "Hydra Estiatorio",
    "address": "475 Howe St, Vancouver, BC V6B 2B3, Canada",
    "price": 26.0,
    "dish": "Kalamari",
    "items": [
     {
      "dish_name": "Kalamari",
      "price": 26.0,
      "portion_note": "humboldt squid / oregano / chili / lemon / tzatziki",
      "is_happy_hour": false
     }
    ],
    "confidence": "high",
    "price_source": "menu",
    "source_url": "https://static1.squarespace.com/static/65676973c6846d7487e02256/t/6a5e9628124f5b1e494d0dba/1784583720545/Hydra+-+Food+June+2026+web+2.pdf",
    "website": "http://www.hydravancouver.com/",
    "google_maps_url": "https://maps.google.com/?cid=4708268668034856241&g_mp=Cidnb29nbGUubWFwcy5wbGFjZXMudjEuUGxhY2VzLlNlYXJjaFRleHQQAhgEIAA",
    "price_level": null,
    "rating": 4.4,
    "notes": "Single calamari dish on the June 2026 menu PDF; the charred octopus is not counted.",
    "last_checked": "2026-10-03"
   }
  },
  {
   "type": "Feature",
   "geometry": {
    "type": "Point",
    "coordinates": [
     -123.050117,
     49.25711
    ]
   },
   "properties": {
    "id": "ChIJTSkUZ8p2hlQRlmDl4VjKMeo",
    "name": "La Piazza Dario",
    "address": "3075 Slocan St, Vancouver, BC V5M 3E4, Canada",
    "price": 26.0,
    "dish": "Calamari Fritti",
    "items": [
     {
      "dish_name": "Calamari Fritti",
      "price": 26.0,
      "portion_note": "dinner menu; fried squid with tomato sauce",
      "is_happy_hour": false
     },
     {
      "dish_name": "Calamari Grigliati",
      "price": 22.0,
      "portion_note": "dinner menu; grilled calamari steak with lemon oil, spices and baby greens",
      "is_happy_hour": false
     }
    ],
    "confidence": "medium",
    "price_source": "menu",
    "source_url": "https://lapiazzadario.com/dinner/",
    "website": "https://lapiazzadario.com/",
    "google_maps_url": "https://maps.google.com/?cid=16875491761829798038&g_mp=Cidnb29nbGUubWFwcy5wbGFjZXMudjEuUGxhY2VzLlNlYXJjaFRleHQQAhgEIAA",
    "price_level": null,
    "rating": 4.3,
    "notes": "Calamari Fritti is $26 on the dinner page (https://lapiazzadario.com/dinner/), which looks like the most current menu. An older /menu/ page lists it at $25, so that page is likely outdated. Calamari Fritti is not on the lunch menu. Insalata di Mare (romaine with marinated calamari) and Linguine ai Frutti di Mare (mixed seafood) were excluded because calamari is not the main ingredient. The dinner page text is truncated, but the antipasti section is complete.",
    "last_checked": "2026-10-03"
   }
  },
  {
   "type": "Feature",
   "geometry": {
    "type": "Point",
    "coordinates": [
     -123.12415,
     49.284611
    ]
   },
   "properties": {
    "id": "ChIJjx8r94BxhlQRwYW-BIoHApg",
    "name": "Il Nido Italian Restaurant",
    "address": "780 Thurlow St, Vancouver, BC V6E 1V9, Canada",
    "price": 26.0,
    "dish": "Calamari & Prawns",
    "items": [
     {
      "dish_name": "Calamari & Prawns",
      "price": 26.0,
      "portion_note": "appetizer, deep fried with cayenne pepper and smoked paprika",
      "is_happy_hour": false
     }
    ],
    "confidence": "high",
    "price_source": "menu",
    "source_url": "https://www.ilnido.ca/menu",
    "website": "http://www.ilnido.ca/",
    "google_maps_url": "https://maps.google.com/?cid=10953325533084943809&g_mp=Cidnb29nbGUubWFwcy5wbGFjZXMudjEuUGxhY2VzLlNlYXJjaFRleHQQAhgEIAA",
    "price_level": 2,
    "rating": 4.4,
    "notes": "Only calamari appetizer is paired with prawns (Calamari & Prawns); calamari is a main component. Risotto di Mare also contains calamari but was excluded as a multi-seafood dish. Footer shows 2023, so the menu may be slightly dated.",
    "last_checked": "2026-10-03"
   }
  },
  {
   "type": "Feature",
   "geometry": {
    "type": "Point",
    "coordinates": [
     -123.069414,
     49.272042
    ]
   },
   "properties": {
    "id": "ChIJlTlzTz9xhlQRUBS5dn6ARoM",
    "name": "Marcello Ristorante & Pizzeria",
    "address": "1404 Commercial Dr, Vancouver, BC V5L 3X9, Canada",
    "price": 26.0,
    "dish": "Frittura di Calamari",
    "items": [
     {
      "dish_name": "Frittura di Calamari",
      "price": 26.0,
      "portion_note": "Deep fried baby squid; add 3 prawns +$7",
      "is_happy_hour": false
     },
     {
      "dish_name": "Calamari alla Griglia",
      "price": 26.0,
      "portion_note": "Grilled squid; add 3 prawns +$7",
      "is_happy_hour": false
     }
    ],
    "confidence": "high",
    "price_source": "menu",
    "source_url": "https://marcellopizzeria.com/menu/",
    "website": "http://marcellopizzeria.com/",
    "google_maps_url": "https://maps.google.com/?cid=9459389347984381008&g_mp=Cidnb29nbGUubWFwcy5wbGFjZXMudjEuUGxhY2VzLlNlYXJjaFRleHQQAhgEIAA",
    "price_level": 2,
    "rating": 4.3,
    "notes": "Both calamari dishes are priced at $26.00. The benchmark uses the fried calamari (Frittura di Calamari) as the most standard appetizer. The menu text begins and ends mid-section, so it is a fragment, but the calamari prices are clearly readable.",
    "last_checked": "2026-10-03"
   }
  },
  {
   "type": "Feature",
   "geometry": {
    "type": "Point",
    "coordinates": [
     -123.109935,
     49.280127
    ]
   },
   "properties": {
    "id": "ChIJq2tI6HtxhlQRBaKUv59cS9E",
    "name": "Chambar Restaurant",
    "address": "568 Beatty St, Vancouver, BC V6B 2L3, Canada",
    "price": 26.0,
    "dish": "Les Calamars Farcis",
    "items": [
     {
      "dish_name": "Les Calamars Farcis",
      "price": 26.0,
      "portion_note": "Chorizo stuffed squid, black garlic aioli, pickled jalapeños",
      "is_happy_hour": false
     }
    ],
    "confidence": "medium",
    "price_source": "menu",
    "source_url": "https://www.chambar.com/menus/dinner",
    "website": "http://www.chambar.com/",
    "google_maps_url": "https://maps.google.com/?cid=15081249618363982341&g_mp=Cidnb29nbGUubWFwcy5wbGFjZXMudjEuUGxhY2VzLlNlYXJjaFRleHQQAhgEIAA",
    "price_level": null,
    "rating": 4.5,
    "notes": "Dinner menu text is truncated at the end (cut off at La Pièce du Boucher), so other squid dishes could be missing. Only one squid-focused dish found, listed under Petits Plats (small plates). Happy hour menu not included in scraped text.",
    "last_checked": "2026-10-03"
   }
  },
  {
   "type": "Feature",
   "geometry": {
    "type": "Point",
    "coordinates": [
     -123.12284,
     49.284536
    ]
   },
   "properties": {
    "id": "ChIJu1r9tIFxhlQRsfy5cILqdDs",
    "name": "Black+Blue Vancouver",
    "address": "1032 Alberni St, Vancouver, BC V6E 1A3, Canada",
    "price": 26.0,
    "dish": "Crispy Calamari",
    "items": [
     {
      "dish_name": "Crispy Calamari",
      "price": 26.0,
      "portion_note": "lunch menu, humboldt squid",
      "is_happy_hour": false
     },
     {
      "dish_name": "Crispy Calamari",
      "price": 26.0,
      "portion_note": "dinner menu, humboldt squid",
      "is_happy_hour": false
     }
    ],
    "confidence": "high",
    "price_source": "menu",
    "source_url": "https://blackandbluesteakhouse.ca/van-menu/",
    "website": "https://blackandbluesteakhouse.ca/vancouver-home/",
    "google_maps_url": "https://maps.google.com/?cid=4284306991494069425&g_mp=Cidnb29nbGUubWFwcy5wbGFjZXMudjEuUGxhY2VzLlNlYXJjaFRleHQQAhgEIAA",
    "price_level": 4,
    "rating": 4.6,
    "notes": "Happy hour Fritto Misto ($16) includes calamari with prawns, salmon and mussels, so it was excluded as a mixed seafood dish. Some menu sections were truncated in the scraped text.",
    "last_checked": "2026-10-03"
   }
  },
  {
   "type": "Feature",
   "geometry": {
    "type": "Point",
    "coordinates": [
     -123.118637,
     49.274993
    ]
   },
   "properties": {
    "id": "ChIJv7MHrtdzhlQRz141l-V5w3k",
    "name": "La Terrazza",
    "address": "1088 Cambie St., Vancouver, BC V6B 6J5, Canada",
    "price": 26.88,
    "dish": "Calamari",
    "items": [
     {
      "dish_name": "Calamari",
      "price": 26.88,
      "portion_note": "Grilled Humboldt squid steak with crispy calamari rings, lime chili butter; appetizer",
      "is_happy_hour": false
     }
    ],
    "confidence": "medium",
    "price_source": "menu",
    "source_url": "https://laterrazza.ca/menu/",
    "website": "https://laterrazza.ca/",
    "google_maps_url": "https://maps.google.com/?cid=8773990526039187151&g_mp=Cidnb29nbGUubWFwcy5wbGFjZXMudjEuUGxhY2VzLlNlYXJjaFRleHQQAhgEIAA",
    "price_level": null,
    "rating": 4.4,
    "notes": "The scraped page lists both an A La Carte Menu and a Happy Hour Menu heading, and the appetizer list is not clearly labeled as one or the other. The Calamari price of $26.88 appears in the A La Carte appetizers section, and its level matches the other regular appetizer prices. The text is truncated at the salad section, so the menu is partial.",
    "last_checked": "2026-10-03"
   }
  },
  {
   "type": "Feature",
   "geometry": {
    "type": "Point",
    "coordinates": [
     -123.03487,
     49.233396
    ]
   },
   "properties": {
    "id": "ChIJ2dYrzfx3hlQRka1rpBGYfbI",
    "name": "Cantonese BBQ Seafood Restaurant Authentic Cantonese Food (Best Price on Website!)",
    "address": "3320 Kingsway #320, Vancouver, BC V5R 5L1, Canada",
    "price": 27.8,
    "dish": "Fried Squid with Vegetable",
    "items": [
     {
      "dish_name": "Fried Squid with Vegetable",
      "price": 27.8,
      "portion_note": null,
      "is_happy_hour": false
     },
     {
      "dish_name": "Spiced Salt squid",
      "price": 27.8,
      "portion_note": null,
      "is_happy_hour": false
     }
    ],
    "confidence": "medium",
    "price_source": "menu",
    "source_url": "https://www.zomi.menu/shop/cantonesebbqseafood/pick-up/menu",
    "website": "https://cantonesebbqseafood.zomi.menu/",
    "google_maps_url": "https://maps.google.com/?cid=12861603312380390801&g_mp=Cidnb29nbGUubWFwcy5wbGFjZXMudjEuUGxhY2VzLlNlYXJjaFRleHQQAhgEIAA",
    "price_level": 2,
    "rating": 3.9,
    "notes": "Squid dishes are main-course Cantonese entrees, not appetizers. Spiced Salt squid chosen as the standard fried squid dish; both are priced equally at $27.80. Prices are from an online ordering platform and may differ from in-restaurant prices.",
    "last_checked": "2026-10-03"
   }
  },
  {
   "type": "Feature",
   "geometry": {
    "type": "Point",
    "coordinates": [
     -123.109316,
     49.284685
    ]
   },
   "properties": {
    "id": "ChIJM297MXhxhlQRzeNbCU0As9E",
    "name": "Al Porto Ristorante",
    "address": "321 Water St, Vancouver, BC V6C 2R6, Canada",
    "price": 27.95,
    "dish": "calamari",
    "items": [
     {
      "dish_name": "calamari",
      "price": 24.95,
      "portion_note": "lunch menu; deep fried squid, red onion bruschetta, chef's tartar",
      "is_happy_hour": false
     },
     {
      "dish_name": "calamari",
      "price": 27.95,
      "portion_note": "dinner menu; deep fried squid, red onion bruschetta, chef's tartar",
      "is_happy_hour": false
     }
    ],
    "confidence": "medium",
    "price_source": "menu",
    "source_url": "https://alporto.ca/menu.html",
    "website": "https://alporto.ca/",
    "google_maps_url": "https://maps.google.com/?cid=15110421505627644877&g_mp=Cidnb29nbGUubWFwcy5wbGFjZXMudjEuUGxhY2VzLlNlYXJjaFRleHQQAhgEIAA",
    "price_level": 2,
    "rating": 4.1,
    "notes": "Calamari appears on both lunch (24.95) and dinner (27.95) menus. Dinner price used as the standard regular-menu price. The scraped menu text is truncated in places, so it may be partial or outdated.",
    "last_checked": "2026-10-03"
   }
  },
  {
   "type": "Feature",
   "geometry": {
    "type": "Point",
    "coordinates": [
     -123.056241,
     49.268709
    ]
   },
   "properties": {
    "id": "ChIJ6drFtDBxhlQRwdv1BtHM9g0",
    "name": "Cindys Palace",
    "address": "1796 Nanaimo St, Vancouver, BC V5N 5B9, Canada",
    "price": 27.98,
    "dish": "5.Deep Fried Squid W/Spicy Salt And Pepper",
    "items": [
     {
      "dish_name": "5.Deep Fried Squid W/Spicy Salt And Pepper",
      "price": 27.98,
      "portion_note": "appetizer",
      "is_happy_hour": false
     }
    ],
    "confidence": "medium",
    "price_source": "menu",
    "source_url": "https://www.zomi.menu/shop/cindyspalace/pick-up/menu",
    "website": "http://cindyspalace.zomi.menu/",
    "google_maps_url": "https://maps.google.com/?cid=1006216764900891585&g_mp=Cidnb29nbGUubWFwcy5wbGFjZXMudjEuUGxhY2VzLlNlYXJjaFRleHQQAhgEIAA",
    "price_level": 2,
    "rating": 4,
    "notes": "Menu text is partial (fragments cut off). Popular dishes list also shows '49.Deep Fried Squid W/Spicy Salt & Pepper' but its price was not visible in the scraped text, so only item #5 is listed. Fresh Squid W/Assorted Veg (#28, $28.98) is a stir-fry with vegetables and was not counted. Prices appear to be online-order prices and may differ from in-restaurant prices.",
    "last_checked": "2026-10-03"
   }
  },
  {
   "type": "Feature",
   "geometry": {
    "type": "Point",
    "coordinates": [
     -123.049915,
     49.281425
    ]
   },
   "properties": {
    "id": "ChIJJ_xYpSFxhlQRLEF_wMZekmU",
    "name": "James on Hastings Chinese Restaurant",
    "address": "2683 E Hastings St, Vancouver, BC V5K 3W8, Canada",
    "price": 27.99,
    "dish": "Squid with Preserved Veggie",
    "items": [
     {
      "dish_name": "Squid with Preserved Veggie",
      "price": 27.99,
      "portion_note": "seafood entree",
      "is_happy_hour": false
     },
     {
      "dish_name": "Squid Black Bean Sauce",
      "price": 27.99,
      "portion_note": "seafood entree",
      "is_happy_hour": false
     },
     {
      "dish_name": "Spicy Garlic Squid",
      "price": 27.99,
      "portion_note": "seafood entree",
      "is_happy_hour": false
     }
    ],
    "confidence": "medium",
    "price_source": "menu",
    "source_url": "https://www.zomi.menu/shop/jamesonhastings/pick-up/menu",
    "website": "https://jamesonhastings.zomi.menu/",
    "google_maps_url": "https://maps.google.com/?cid=7319016552156578092&g_mp=Cidnb29nbGUubWFwcy5wbGFjZXMudjEuUGxhY2VzLlNlYXJjaFRleHQQAhgEIAA",
    "price_level": 2,
    "rating": 4,
    "notes": "Chinese restaurant with squid served as main-sized entrees, not an appetizer or share plate. Spicy Garlic Squid was marked as a popular dish. Squids in Rock Salt & Chili Pepper appears only inside combination dinners for 6 and 8 with no separate price, so it is not listed. The menu text was partial, with a section truncated, so other squid dishes may exist. Prices are from an online ordering platform and may differ from in-restaurant prices.",
    "last_checked": "2026-10-03"
   }
  },
  {
   "type": "Feature",
   "geometry": {
    "type": "Point",
    "coordinates": [
     -123.065591,
     49.239381
    ]
   },
   "properties": {
    "id": "ChIJwTtWOKd2hlQRxxBK7OhOA-E",
    "name": "Western Lake Chinese Seafood Restaurant",
    "address": "4989 Victoria Dr, Vancouver, BC V5P 1A5, Canada",
    "price": 28.8,
    "dish": "Deep Fried Squid Tentacles with Peppery Salt",
    "items": [
     {
      "dish_name": "Deep Fried Squid Tentacles with Peppery Salt",
      "price": 28.8,
      "portion_note": "main/seafood dish",
      "is_happy_hour": false
     }
    ],
    "confidence": "high",
    "price_source": "menu",
    "source_url": "http://westernlake.ca/wp-content/uploads/2026/05/Western_Lake_Dinner_Menu_MAY_2026_LR.pdf",
    "website": "http://www.westernlake.ca/",
    "google_maps_url": "https://maps.google.com/?cid=16213889845767573703&g_mp=Cidnb29nbGUubWFwcy5wbGFjZXMudjEuUGxhY2VzLlNlYXJjaFRleHQQAhgEIAA",
    "price_level": 2,
    "rating": 4.3,
    "notes": "Only squid dish is #38 Deep Fried Squid Tentacles with Peppery Salt in the Seafood section of the May 2026 dinner menu (a Chinese restaurant, not a typical calamari appetizer). Other attachments (set dinners, king crab, party trays) have no squid dishes.",
    "last_checked": "2026-10-03"
   }
  },
  {
   "type": "Feature",
   "geometry": {
    "type": "Point",
    "coordinates": [
     -123.17744,
     49.268708
    ]
   },
   "properties": {
    "id": "ChIJ6UCEHURzhlQRjZ2mf9GoiAE",
    "name": "Charm by Zab Bite",
    "address": "3293 W 4th Ave, Vancouver, BC V6K 1R8, Canada",
    "price": 29.0,
    "dish": "Wok-Fried Squid with Salted Egg Yolk",
    "items": [
     {
      "dish_name": "Wok-Fried Squid with Salted Egg Yolk",
      "price": 29.0,
      "portion_note": "main; wok-tossed squid with salted egg yolk, bell peppers, onions",
      "is_happy_hour": false
     }
    ],
    "confidence": "high",
    "price_source": "menu",
    "source_url": "https://charmrestaurant.ca/wp-content/uploads/2026/05/CHARM-NEW-ALL-DAY-MENU.pdf",
    "website": "https://charmrestaurant.ca/",
    "google_maps_url": "https://maps.google.com/?cid=110523808613834125&g_mp=Cidnb29nbGUubWFwcy5wbGFjZXMudjEuUGxhY2VzLlNlYXJjaFRleHQQAhgEIAA",
    "price_level": 2,
    "rating": 4.6,
    "notes": "Only squid-focused dish is the Wok-Fried Squid with Salted Egg Yolk, listed under Mains rather than appetizers. Yum Seafood salad (27) and Po Taek Seafood soup include squid among other seafood, so they were excluded. The alternative (tofu) menu has no squid.",
    "last_checked": "2026-10-03"
   }
  },
  {
   "type": "Feature",
   "geometry": {
    "type": "Point",
    "coordinates": [
     -123.100978,
     49.280248
    ]
   },
   "properties": {
    "id": "ChIJPxI3u0ZxhlQR3O-rp93bVtU",
    "name": "UCHU Cevicheria & Raw Bar",
    "address": "158 E Pender St, Vancouver, BC V6A 1T3, Canada",
    "price": 29.0,
    "dish": "Chicharron de Calamar",
    "items": [
     {
      "dish_name": "Chicharron de Calamar",
      "price": 29.0,
      "portion_note": "secret spice, tartara, lime",
      "is_happy_hour": false
     }
    ],
    "confidence": "high",
    "price_source": "menu",
    "source_url": "https://www.uchurestaurant.ca/menu",
    "website": "https://www.uchurestaurant.ca/",
    "google_maps_url": "https://maps.google.com/?cid=15372716123123085276&g_mp=Cidnb29nbGUubWFwcy5wbGFjZXMudjEuUGxhY2VzLlNlYXJjaFRleHQQAhgEIAA",
    "price_level": 4,
    "rating": 4.6,
    "notes": "Arroz con Mariscos contains squid among several ingredients, so it was excluded. Prices are printed twice in the scraped text but are consistent.",
    "last_checked": "2026-10-03"
   }
  },
  {
   "type": "Feature",
   "geometry": {
    "type": "Point",
    "coordinates": [
     -123.115572,
     49.260763
    ]
   },
   "properties": {
    "id": "ChIJ_dc2-DhzhlQRkiHuHvi-P1s",
    "name": "ChiuChow Seafood Restaurant",
    "address": "555 W 12th Ave #201, Vancouver, BC V5Z 4K2, Canada",
    "price": 29.8,
    "dish": "Deep-fried Squid in Spicy Rock Salt",
    "items": [
     {
      "dish_name": "Deep-fried Squid in Spicy Rock Salt",
      "price": 29.8,
      "portion_note": null,
      "is_happy_hour": false
     },
     {
      "dish_name": "Fried Squid in Chiu Chow Style",
      "price": 29.8,
      "portion_note": null,
      "is_happy_hour": false
     }
    ],
    "confidence": "medium",
    "price_source": "menu",
    "source_url": "https://www.chiuchowseafoodrestaurant.ca/menu",
    "website": "https://www.chiuchowseafoodrestaurant.ca/",
    "google_maps_url": "https://maps.google.com/?cid=6575183953864302994&g_mp=Cidnb29nbGUubWFwcy5wbGFjZXMudjEuUGxhY2VzLlNlYXJjaFRleHQQAhgEIAA",
    "price_level": 2,
    "rating": 3.7,
    "notes": "Squid dishes are listed under the Seafood section, not as appetizers. The benchmark is the salt-and-pepper style deep-fried squid, which is the closest match to a standard fried calamari dish. The menu text is truncated at the end, and the page may be partial. Poached cuttlefish (46.80) was excluded because cuttlefish is not squid or calamari.",
    "last_checked": "2026-10-03"
   }
  },
  {
   "type": "Feature",
   "geometry": {
    "type": "Point",
    "coordinates": [
     -123.092605,
     49.210619
    ]
   },
   "properties": {
    "id": "ChIJn6xdOQF1hlQRCNrrNczEZ_Q",
    "name": "New Fishport Seafood Bistro",
    "address": "620 SE Marine Dr, Vancouver, BC V5X 3X9, Canada",
    "price": 29.8,
    "dish": "Deep Fried Squid with Spiced Salt",
    "items": [
     {
      "dish_name": "Deep Fried Squid with Spiced Salt",
      "price": 29.8,
      "portion_note": "House Specialties item #61, priced per serving (/例)",
      "is_happy_hour": false
     }
    ],
    "confidence": "high",
    "price_source": "menu",
    "source_url": "https://newfishport.com/mt-content/uploads/2026/04/menu2026.pdf",
    "website": "https://newfishport.com/",
    "google_maps_url": "https://maps.google.com/?cid=17611261249212635656&g_mp=Cidnb29nbGUubWFwcy5wbGFjZXMudjEuUGxhY2VzLlNlYXJjaFRleHQQAhgEIAA",
    "price_level": 4,
    "rating": 3.9,
    "notes": "Only one squid dish found: #61 Deep Fried Squid with Spiced Salt (椒鹽鮮魷), $29.80. It is on the House Specialties page, not an appetizer section, but squid is the main ingredient. Seafood fried rice, chow mein and similar dishes were excluded because squid is not their main ingredient.",
    "last_checked": "2026-10-03"
   }
  },
  {
   "type": "Feature",
   "geometry": {
    "type": "Point",
    "coordinates": [
     -123.090137,
     49.233261
    ]
   },
   "properties": {
    "id": "ChIJKyAx1RN0hlQRFfkmTXsUReg",
    "name": "Koon Bo Restaurant",
    "address": "5682 Fraser St, Vancouver, BC V5W 2Z4, Canada",
    "price": 29.95,
    "dish": "Salt and Pepper Spicy Squid (油泡鮮魷)",
    "items": [
     {
      "dish_name": "Salt and Pepper Spicy Squid (油泡鮮魷)",
      "price": 29.95,
      "portion_note": "main seafood dish",
      "is_happy_hour": false
     }
    ],
    "confidence": "medium",
    "price_source": "menu",
    "source_url": "https://koonborestaurant.ca/seafood/",
    "website": "http://www.koonborestaurant.ca/",
    "google_maps_url": "https://maps.google.com/?cid=16736806110000249109&g_mp=Cidnb29nbGUubWFwcy5wbGFjZXMudjEuUGxhY2VzLlNlYXJjaFRleHQQAhgEIAA",
    "price_level": 2,
    "rating": 3.9,
    "notes": "Squid dish is in the Seafood (main) section, not an appetizer. The Chinese name 油泡鮮魷 suggests sauteed squid, which does not match the English 'Salt and Pepper Spicy Squid'. The dish number 42 is used twice on the page. Appetizers page was not provided and may have other squid dishes.",
    "last_checked": "2026-10-03"
   }
  },
  {
   "type": "Feature",
   "geometry": {
    "type": "Point",
    "coordinates": [
     -123.0451,
     49.258365
    ]
   },
   "properties": {
    "id": "ChIJF0qWk8t2hlQR0vo3wsk6Ilg",
    "name": "Prince Seafood Restaurant",
    "address": "2881 Grandview Hwy, Vancouver, BC V5M 2E1, Canada",
    "price": 29.98,
    "dish": "Squid in Sichuan Chili Oil",
    "items": [
     {
      "dish_name": "Deep Fried Squid Tentacles With Garlic",
      "price": 19.98,
      "portion_note": "dim sum menu; price alignment uncertain",
      "is_happy_hour": false
     },
     {
      "dish_name": "Squid in Sichuan Chili Oil",
      "price": 29.98,
      "portion_note": "cold appetizer",
      "is_happy_hour": false
     },
     {
      "dish_name": "Salt & Pepper Squid with Bell Pepper",
      "price": 36.98,
      "portion_note": "main dish",
      "is_happy_hour": false
     }
    ],
    "confidence": "low",
    "price_source": "menu",
    "source_url": "https://81359dbe-ab71-4470-a94a-ab108e7e4bf6.filesusr.com/ugd/49edba_7cbc45b87bdf4d87b0ea8bb8c6b1ef23.pdf",
    "website": "http://princeseafoodrestaurant.ca/",
    "google_maps_url": "https://maps.google.com/?cid=6350703062767106770&g_mp=Cidnb29nbGUubWFwcy5wbGFjZXMudjEuUGxhY2VzLlNlYXJjaFRleHQQAhgEIAA",
    "price_level": 2,
    "rating": 4,
    "notes": "PDF text is scrambled and prices are separated from dish names, so pairings are inferred from order. Squid in Sichuan Chili Oil (29.98) is the cold appetizer and was chosen as benchmark. Deep Fried Squid Tentacles price (19.98) on the dim sum menu is ambiguous among a row of prices. Dried squid dishes and the seaweed with squid & sakura shrimp were excluded.",
    "last_checked": "2026-10-03"
   }
  },
  {
   "type": "Feature",
   "geometry": {
    "type": "Point",
    "coordinates": [
     -123.134915,
     49.291607
    ]
   },
   "properties": {
    "id": "ChIJoVHE3YtxhlQR9VEBiZ6qXog",
    "name": "Jingle Bao & Yum Yum Wok",
    "address": "774 Denman St, Vancouver, BC V6G 2L5, Canada",
    "price": 34.99,
    "dish": "Stir-Fried Squid with Dried Scallop and Broccoli 瑶柱鱿鱼西兰花",
    "items": [
     {
      "dish_name": "Stir-Fried Squid with Dried Scallop and Broccoli 瑶柱鱿鱼西兰花",
      "price": 34.99,
      "portion_note": "stir-fry main",
      "is_happy_hour": false
     }
    ],
    "confidence": "medium",
    "price_source": "menu",
    "source_url": "https://www.zomi.menu/shop/jinglebaoyumyumwok/pick-up/menu",
    "website": "https://www.zomi.menu/shop/jinglebaoyumyumwok",
    "google_maps_url": "https://maps.google.com/?cid=9826479034849120757&g_mp=Cidnb29nbGUubWFwcy5wbGFjZXMudjEuUGxhY2VzLlNlYXJjaFRleHQQAhgEIAA",
    "price_level": 2,
    "rating": 4.2,
    "notes": "Only squid dish found is a stir-fried main (squid with dried scallop and broccoli), not a typical fried calamari appetizer. The menu text is a fragment (starts and ends mid-item), so other squid dishes may exist.",
    "last_checked": "2026-10-03"
   }
  }
 ]
}